date,open,high,low,close,volume
2016-09-14,0.98,0.985,0.977,0.98,117724091
2016-09-19,0.979,0.985,0.979,0.982,23491531
2016-09-20,0.982,0.983,0.978,0.98,17201235
2016-09-21,0.979,0.994,0.979,0.989,52039781
2016-09-22,0.998,0.998,0.988,0.989,26447076
2016-09-23,0.988,0.991,0.982,0.983,10420735
2016-09-26,0.983,0.983,0.96,0.962,6695017
2016-09-27,0.964,0.976,0.964,0.976,7508563
2016-09-28,0.976,0.976,0.97,0.97,3131505
2016-09-29,0.971,0.993,0.971,0.983,16064010
2016-09-30,0.979,0.986,0.976,0.981,4255474
2016-10-10,0.99,0.999,0.986,0.997,24451218
2016-10-11,0.998,1.002,0.994,0.999,32603168
2016-10-12,0.995,1.0,0.994,0.997,4191184
2016-10-13,0.997,1.002,0.994,0.999,17727388
2016-10-14,0.997,0.999,0.99,0.995,4752054
2016-10-17,0.995,0.998,0.983,0.984,3432573
2016-10-18,0.982,1.007,0.982,1.005,36433189
2016-10-19,1.005,1.006,0.995,0.998,9295393
2016-10-20,0.998,1.002,0.996,0.996,4278939
2016-10-21,0.997,1.013,0.995,1.002,28340973
2016-10-24,1.001,1.044,1.0,1.025,58977779
2016-10-25,1.024,1.024,1.015,1.019,4257741
2016-10-26,1.019,1.026,1.014,1.016,5662643
2016-10-27,1.014,1.018,1.011,1.017,8023950
2016-10-28,1.019,1.055,1.019,1.024,23516274
2016-10-31,1.021,1.029,1.005,1.024,5375639
2016-11-01,1.021,1.036,1.021,1.031,11875076
2016-11-02,1.024,1.044,1.024,1.028,7171334
2016-11-03,1.025,1.07,1.023,1.05,27171609
2016-11-04,1.047,1.058,1.043,1.045,7197176
2016-11-07,1.045,1.055,1.043,1.048,4574890
2016-11-08,1.051,1.063,1.048,1.049,3101050
2016-11-09,1.049,1.049,1.028,1.037,5338066
2016-11-10,1.041,1.063,1.041,1.053,7499320
2016-11-11,1.055,1.096,1.053,1.088,25168182
2016-11-14,1.09,1.124,1.08,1.097,31278642
2016-11-15,1.097,1.104,1.085,1.089,6528760
2016-11-16,1.09,1.097,1.082,1.093,10068840
2016-11-17,1.09,1.096,1.08,1.092,8758940
2016-11-18,1.091,1.091,1.07,1.072,5148260
2016-11-21,1.073,1.089,1.067,1.078,7114716
2016-11-22,1.08,1.096,1.08,1.088,7838830
2016-11-23,1.086,1.094,1.076,1.081,4697014
2016-11-24,1.078,1.107,1.076,1.087,12375350
2016-11-25,1.087,1.095,1.072,1.092,9015500
2016-11-28,1.1,1.124,1.087,1.087,5650700
2016-11-29,1.086,1.103,1.075,1.09,12158160
2016-11-30,1.09,1.101,1.07,1.082,8630332
2016-12-01,1.082,1.093,1.073,1.091,6594718
2016-12-02,1.091,1.091,1.069,1.075,8384627
2016-12-05,1.064,1.064,1.033,1.034,12162800
2016-12-06,1.035,1.038,1.03,1.032,5925870
2016-12-07,1.031,1.037,1.028,1.037,4216700
2016-12-08,1.038,1.039,1.026,1.026,3728700
2016-12-09,1.025,1.036,1.025,1.029,3660081
2016-12-12,1.029,1.029,0.994,1.001,13180271
2016-12-13,0.998,1.005,0.993,1.001,2770600
2016-12-14,1.001,1.001,0.987,0.988,3156500
2016-12-15,0.976,0.993,0.976,0.982,6003800
2016-12-16,0.983,0.989,0.981,0.983,2680800
2016-12-19,0.981,0.981,0.973,0.976,1296700
2016-12-20,0.975,0.976,0.969,0.975,6761300
2016-12-21,0.975,0.99,0.975,0.981,7336700
2016-12-22,0.98,0.98,0.972,0.974,5813800
2016-12-23,0.975,0.975,0.962,0.963,8512900
2016-12-26,0.961,0.975,0.953,0.972,14427800
2016-12-27,0.972,0.976,0.968,0.969,3145700
2016-12-28,0.967,0.974,0.964,0.967,3024700
2016-12-29,0.966,0.97,0.963,0.965,1108800
2016-12-30,0.965,0.969,0.963,0.969,3546411
2017-01-03,0.968,0.982,0.968,0.978,7559611
2017-01-04,0.978,0.983,0.976,0.981,2450411
2017-01-05,0.982,0.983,0.978,0.979,2185000
2017-01-06,0.98,0.98,0.969,0.97,2611600
2017-01-09,0.969,0.974,0.968,0.97,2105311
2017-01-10,0.97,0.976,0.97,0.972,1857600
2017-01-11,0.972,0.977,0.969,0.969,2884100
2017-01-12,0.969,0.978,0.969,0.971,2764569
2017-01-13,0.97,0.978,0.963,0.971,1694700
2017-01-16,0.965,0.975,0.949,0.971,13667700
2017-01-17,0.964,0.965,0.955,0.963,4425300
2017-01-18,0.964,0.97,0.963,0.965,2767169
2017-01-19,0.963,0.972,0.963,0.965,8047282
2017-01-20,0.964,0.975,0.954,0.973,2349982
2017-01-23,0.973,0.98,0.972,0.975,2184700
2017-01-24,0.975,0.975,0.969,0.97,1199700
2017-01-25,0.967,0.972,0.967,0.971,578090
2017-01-26,0.972,0.979,0.972,0.977,1034964
2017-02-03,0.977,0.977,0.969,0.969,1438474
2017-02-06,0.969,0.972,0.966,0.969,1253800
2017-02-07,0.969,0.969,0.962,0.963,841700
2017-02-08,0.963,0.983,0.959,0.982,8598100
2017-02-09,0.98,0.988,0.977,0.982,4751400
2017-02-10,0.983,0.991,0.98,0.986,11273300
2017-02-13,0.988,0.998,0.985,0.991,6571800
2017-02-14,0.992,0.996,0.988,0.99,2036400
2017-02-15,0.988,0.998,0.985,0.985,7291390
2017-02-16,0.988,0.997,0.984,0.994,4789700
2017-02-17,0.998,1.023,0.994,0.994,15059500
2017-02-20,0.995,1.004,0.99,1.002,3752400
2017-02-21,1.004,1.019,1.004,1.007,10334911
2017-02-22,1.009,1.009,1.002,1.005,4318441
2017-02-23,1.004,1.006,0.995,0.999,2356900
2017-02-24,0.998,1.003,0.996,0.999,9000700
2017-02-27,1.0,1.003,0.99,0.991,5585200
2017-02-28,0.992,0.997,0.99,0.992,2886500
2017-03-01,0.993,0.997,0.989,0.99,2412000
2017-03-02,0.992,1.004,0.989,0.99,7034000
2017-03-03,0.99,0.99,0.981,0.983,4665400
2017-03-06,0.983,0.99,0.983,0.989,2760041
2017-03-07,0.99,0.991,0.987,0.99,1856217
2017-03-08,0.989,0.991,0.985,0.986,4256960
2017-03-09,0.986,0.986,0.975,0.98,6402960
2017-03-10,0.98,0.984,0.979,0.981,981860
2017-03-13,0.978,0.985,0.974,0.983,2688660
2017-03-14,0.982,0.988,0.98,0.983,6418400
2017-03-15,0.983,0.986,0.98,0.983,1565300
2017-03-16,0.995,1.003,0.985,1.001,13839500
2017-03-17,0.999,1.005,0.984,0.987,3951600
2017-03-20,0.986,0.987,0.975,0.979,4987900
2017-03-21,0.982,0.982,0.973,0.974,2049200
2017-03-22,0.974,0.974,0.962,0.962,4587370
2017-03-23,0.963,0.972,0.961,0.965,2773300
2017-03-24,0.965,0.981,0.963,0.976,3574283
2017-03-27,0.974,0.982,0.973,0.975,3286000
2017-03-28,0.975,0.976,0.97,0.97,1265400
2017-03-29,0.973,0.973,0.96,0.96,3284700
2017-03-30,0.961,0.968,0.955,0.959,3676400
2017-03-31,0.957,0.96,0.955,0.959,1595410
2017-04-05,0.965,0.974,0.96,0.972,3457300
2017-04-06,0.972,0.975,0.97,0.971,1708000
2017-04-07,0.971,0.977,0.97,0.975,3081100
2017-04-10,0.974,0.976,0.965,0.967,2227900
2017-04-11,0.966,0.969,0.953,0.968,5980400
2017-04-12,0.97,0.984,0.967,0.974,13424400
2017-04-13,0.972,0.973,0.97,0.97,1039700
2017-04-14,0.97,0.97,0.957,0.96,8740500
2017-04-17,0.958,0.963,0.951,0.962,9041900
2017-04-18,0.957,0.96,0.95,0.951,1684000
2017-04-19,0.95,0.95,0.938,0.944,3883500
2017-04-20,0.945,0.946,0.932,0.942,7225300
2017-04-21,0.942,0.948,0.94,0.946,9011000
2017-04-24,0.941,0.948,0.935,0.947,5443100
2017-04-25,0.947,0.949,0.942,0.943,989500
2017-04-26,0.944,0.953,0.939,0.945,6437700
2017-04-27,0.941,0.945,0.934,0.943,5764100
2017-04-28,0.94,0.945,0.94,0.943,2547400
2017-05-02,0.942,0.943,0.936,0.937,1010800
2017-05-03,0.939,0.939,0.928,0.932,3152060
2017-05-04,0.932,0.932,0.923,0.926,1807100
2017-05-05,0.926,0.926,0.9,0.906,6170805
2017-05-08,0.907,0.91,0.891,0.907,4601300
2017-05-09,0.905,0.909,0.901,0.906,5015600
2017-05-10,0.903,0.907,0.897,0.898,3668500
2017-05-11,0.887,0.903,0.887,0.9,2160800
2017-05-12,0.9,0.916,0.897,0.909,3957300
2017-05-15,0.912,0.918,0.906,0.914,5542100
2017-05-16,0.914,0.917,0.904,0.917,3646500
2017-05-17,0.917,0.929,0.914,0.915,7979200
2017-05-18,0.915,0.918,0.906,0.907,4099900
2017-05-19,0.905,0.909,0.904,0.906,593200
2017-05-22,0.906,0.907,0.887,0.893,4410700
2017-05-23,0.893,0.896,0.889,0.894,4061100
2017-05-24,0.896,0.899,0.891,0.899,4594665
2017-05-25,0.899,0.938,0.894,0.932,14680160
2017-05-26,0.933,0.94,0.921,0.932,8770500
2017-05-31,0.942,0.947,0.931,0.938,7053600
2017-06-01,0.938,0.944,0.931,0.934,3783495
2017-06-02,0.934,0.937,0.927,0.935,1486700
2017-06-05,0.936,0.936,0.928,0.932,1258500
2017-06-06,0.93,0.935,0.929,0.934,2007500
2017-06-07,0.935,0.943,0.931,0.941,2779200
2017-06-08,0.942,0.942,0.936,0.941,1353200
2017-06-09,0.941,0.949,0.934,0.939,4367600
2017-06-12,0.942,0.942,0.925,0.928,3932300
2017-06-13,0.928,0.935,0.923,0.932,3386730
2017-06-14,0.932,0.935,0.927,0.93,3829700
2017-06-15,0.934,0.944,0.929,0.941,7497300
2017-06-16,0.94,0.946,0.938,0.939,13247700
2017-06-19,0.939,0.958,0.939,0.956,10304800
2017-06-20,0.958,0.96,0.951,0.955,2505800
2017-06-21,0.965,0.971,0.952,0.956,3649600
2017-06-22,0.957,0.97,0.952,0.958,7052700
2017-06-23,0.957,0.957,0.944,0.955,5486900
2017-06-26,0.957,0.969,0.953,0.965,3337400
2017-06-27,0.965,0.968,0.962,0.963,1806100
2017-06-28,0.961,0.966,0.959,0.961,2302065
2017-06-29,0.965,0.965,0.957,0.961,920200
2017-06-30,0.961,0.961,0.952,0.961,3272551
2017-07-03,0.961,0.961,0.95,0.956,2996457
2017-07-04,0.956,0.956,0.948,0.949,2337357
2017-07-05,0.949,0.954,0.947,0.953,1453200
2017-07-06,0.954,0.955,0.944,0.952,1598100
2017-07-07,0.952,0.966,0.943,0.964,7534200
2017-07-10,0.958,0.983,0.958,0.969,8591700
2017-07-11,0.97,0.986,0.97,0.974,7134088
2017-07-12,0.975,0.981,0.964,0.969,5514288
2017-07-13,0.97,0.989,0.97,0.985,7710000
2017-07-14,0.985,0.992,0.98,0.986,3382924
2017-07-17,0.982,0.992,0.96,0.96,12623100
2017-07-18,0.962,0.962,0.943,0.951,8178600
2017-07-19,0.95,1.008,0.947,1.008,21657369
2017-07-20,1.007,1.017,1.0,1.005,7324344
2017-07-21,1.003,1.012,0.995,0.998,6979900
2017-07-24,0.998,1.006,0.996,0.998,3609981
2017-07-25,0.999,1.001,0.988,0.989,3305300
2017-07-26,0.995,0.997,0.983,0.994,5659700
2017-07-27,0.993,1.006,0.981,1.001,8602204
2017-07-28,0.998,0.998,0.992,0.993,2908904
2017-07-31,0.995,1.006,0.987,0.998,5976744
2017-08-01,0.999,1.02,0.999,1.01,8421846
2017-08-02,1.012,1.03,1.008,1.019,14338370
2017-08-03,1.021,1.024,1.011,1.011,5437300
2017-08-04,1.011,1.033,1.008,1.019,8350020
2017-08-07,1.018,1.018,1.0,1.007,9916220
2017-08-08,1.007,1.015,0.995,1.007,9599500
2017-08-09,1.007,1.007,0.994,0.996,5723100
2017-08-10,0.996,1.007,0.987,0.996,9081621
2017-08-11,0.994,0.994,0.97,0.974,10250250
2017-08-14,0.973,0.988,0.97,0.986,6893120
2017-08-15,0.991,0.991,0.98,0.982,3438020
2017-08-16,0.985,0.988,0.977,0.982,4402900
2017-08-17,0.983,0.992,0.982,0.99,6386400
2017-08-18,0.985,0.99,0.982,0.983,2625200
2017-08-21,0.982,0.989,0.982,0.988,2316200
2017-08-22,0.988,0.994,0.981,0.986,4072300
2017-08-23,0.986,1.006,0.984,0.996,11249124
2017-08-24,0.995,0.996,0.98,0.981,4423600
2017-08-25,0.979,1.01,0.978,1.005,12394545
2017-08-28,1.009,1.074,1.009,1.062,29342376
2017-08-29,1.063,1.068,1.047,1.054,10055110
2017-08-30,1.054,1.08,1.053,1.056,11466901
2017-08-31,1.055,1.072,1.052,1.066,14304255
2017-09-01,1.066,1.079,1.066,1.075,9043630
2017-09-04,1.079,1.079,1.06,1.071,6381300
2017-09-05,1.071,1.079,1.066,1.068,7548193
2017-09-06,1.065,1.067,1.054,1.063,5602793
2017-09-07,1.063,1.072,1.051,1.053,8337193
2017-09-08,1.052,1.055,1.043,1.048,7616293
2017-09-11,1.045,1.055,1.043,1.049,2977800
2017-09-12,1.049,1.074,1.049,1.059,11511893
2017-09-13,1.053,1.063,1.052,1.055,3560193
2017-09-14,1.054,1.069,1.052,1.054,6245700
2017-09-15,1.049,1.063,1.047,1.056,8809700
2017-09-18,1.06,1.075,1.06,1.069,9318200
2017-09-19,1.07,1.07,1.05,1.055,6287300
2017-09-20,1.055,1.057,1.05,1.056,3157800
2017-09-21,1.057,1.068,1.053,1.054,7235600
2017-09-22,1.051,1.053,1.039,1.049,9219200
2017-09-25,1.049,1.049,1.04,1.041,5613996
2017-09-26,1.046,1.046,1.04,1.042,3064471
2017-09-27,1.044,1.047,1.041,1.042,2417596
2017-09-28,1.045,1.045,1.039,1.039,1376900
2017-09-29,1.04,1.058,1.04,1.051,6918100
2017-10-09,1.083,1.088,1.052,1.052,12029000
2017-10-10,1.053,1.056,1.042,1.051,6719820
2017-10-11,1.051,1.052,1.046,1.046,3784620
2017-10-12,1.048,1.049,1.039,1.042,5407200
2017-10-13,1.042,1.047,1.04,1.043,3794200
2017-10-16,1.043,1.052,1.038,1.039,10739200
2017-10-17,1.038,1.038,1.028,1.03,7394400
2017-10-18,1.039,1.039,1.026,1.03,5084427
2017-10-19,1.029,1.029,1.003,1.008,12429800
2017-10-20,1.007,1.012,1.005,1.011,2430570
2017-10-23,1.012,1.012,1.002,1.004,5935800
2017-10-24,1.004,1.017,1.003,1.015,7937900
2017-10-25,1.016,1.02,1.012,1.015,4058800
2017-10-26,1.015,1.027,1.011,1.02,5655670
2017-10-27,1.025,1.025,1.009,1.01,5516100
2017-10-30,1.01,1.01,0.974,0.987,16809984
2017-10-31,0.986,0.986,0.976,0.981,7982000
2017-11-01,0.981,0.988,0.975,0.976,6555200
2017-11-02,0.975,0.987,0.967,0.98,8286200
2017-11-03,0.979,0.979,0.967,0.977,10324000
2017-11-06,0.975,0.976,0.969,0.975,5526900
2017-11-07,0.975,0.992,0.975,0.987,7791707
2017-11-08,0.987,1.025,0.986,1.005,17024966
2017-11-09,1.0,1.012,1.0,1.006,4175466
2017-11-10,1.007,1.015,1.0,1.009,9412400
2017-11-13,1.011,1.021,1.004,1.004,6219000
2017-11-14,1.004,1.005,0.99,0.994,10372300
2017-11-15,0.994,0.998,0.988,0.991,6133100
2017-11-16,0.987,0.99,0.975,0.975,8788500
2017-11-17,0.984,0.985,0.966,0.981,11675200
2017-11-20,0.979,0.979,0.959,0.972,11010300
2017-11-21,0.971,1.025,0.97,1.009,27401310
2017-11-22,1.002,1.024,1.002,1.01,11723600
2017-11-23,1.01,1.021,0.984,0.985,14644900
2017-11-24,0.983,0.99,0.977,0.988,11043300
2017-11-27,0.985,0.996,0.977,0.988,8794200
2017-11-28,0.99,0.992,0.978,0.989,5040300
2017-11-29,0.989,0.989,0.973,0.988,9097900
2017-11-30,0.987,1.003,0.981,0.987,8569600
2017-12-01,0.987,0.99,0.98,0.985,9743696
2017-12-04,0.985,0.985,0.969,0.973,14915320
2017-12-05,0.973,0.987,0.971,0.983,16265496
2017-12-06,0.983,0.983,0.973,0.982,5327900
2017-12-07,0.984,0.984,0.968,0.97,10584100
2017-12-08,0.97,0.975,0.966,0.968,7050200
2017-12-11,0.969,0.971,0.964,0.97,9502600
2017-12-12,0.971,0.971,0.952,0.953,12755700
2017-12-13,0.953,0.958,0.949,0.955,11936000
2017-12-14,0.954,0.955,0.937,0.939,16692800
2017-12-15,0.939,0.939,0.929,0.932,11765000
2017-12-18,0.932,0.936,0.925,0.928,8260900
2017-12-19,0.93,0.934,0.927,0.932,9252200
2017-12-20,0.933,0.933,0.913,0.917,14871800
2017-12-21,0.916,0.928,0.91,0.923,11087600
2017-12-22,0.923,0.923,0.914,0.916,8134000
2017-12-25,0.917,0.92,0.901,0.902,15285200
2017-12-26,0.901,0.909,0.9,0.909,13080330
2017-12-27,0.909,0.909,0.896,0.899,9718530
2017-12-28,0.899,0.916,0.894,0.904,11008700
2017-12-29,0.904,0.908,0.901,0.904,5951430
2018-01-02,0.906,0.919,0.905,0.916,8854130
2018-01-03,0.917,0.935,0.915,0.93,16734616
2018-01-04,0.93,0.932,0.925,0.928,7816300
2018-01-05,0.927,0.94,0.925,0.932,10160400
2018-01-08,0.932,0.964,0.93,0.95,24516686
2018-01-09,0.95,0.958,0.94,0.944,9860717
2018-01-10,0.945,0.952,0.934,0.94,18726000
2018-01-11,0.94,0.941,0.932,0.937,9253200
2018-01-12,0.939,0.946,0.933,0.935,10514700
2018-01-15,0.936,0.937,0.919,0.92,20085500
2018-01-16,0.92,0.942,0.917,0.941,14595500
2018-01-17,0.944,0.996,0.944,0.973,44747795
2018-01-18,0.976,0.988,0.967,0.98,24258186
2018-01-19,0.977,1.02,0.977,1.002,38434327
2018-01-22,1.002,1.01,0.99,1.0,20051578
2018-01-23,1.0,1.014,0.994,1.005,30634300
2018-01-24,1.006,1.047,0.998,1.043,45454323
2018-01-25,1.04,1.042,1.02,1.022,30084123
2018-01-26,1.016,1.031,1.016,1.021,20132502
2018-01-29,1.023,1.029,1.001,1.005,22946947
2018-01-30,1.0,1.009,0.989,0.989,17735709
2018-01-31,0.982,0.988,0.962,0.97,17517646
2018-02-01,0.973,0.976,0.952,0.958,21000146
2018-02-02,0.955,0.96,0.94,0.957,40422800
2018-02-05,0.95,0.966,0.94,0.962,35067700
2018-02-06,0.942,0.95,0.918,0.919,25335800
2018-02-07,0.931,0.94,0.905,0.905,21872500
2018-02-08,0.905,0.915,0.896,0.901,22816000
2018-02-09,0.889,0.889,0.822,0.837,41306900
2018-02-12,0.839,0.844,0.831,0.833,17892250
2018-02-13,0.84,0.855,0.84,0.841,12984600
2018-02-14,0.843,0.844,0.832,0.839,11997000
2018-02-22,0.847,0.854,0.843,0.849,14992000
2018-02-23,0.852,0.859,0.846,0.852,21893900
2018-02-26,0.859,0.879,0.851,0.875,22045800
2018-02-27,0.874,0.875,0.861,0.865,16776300
2018-02-28,0.857,0.871,0.847,0.859,28043778
2018-03-01,0.851,0.863,0.851,0.862,16030900
2018-03-02,0.856,0.862,0.853,0.854,21765100
2018-03-05,0.855,0.859,0.849,0.852,12058500
2018-03-06,0.857,0.873,0.855,0.869,23725700
2018-03-07,0.871,0.875,0.859,0.861,18481500
2018-03-08,0.862,0.867,0.86,0.864,7366300
2018-03-09,0.865,0.881,0.863,0.877,23051341
2018-03-12,0.882,0.897,0.882,0.891,25598841
2018-03-13,0.892,0.892,0.876,0.877,16757200
2018-03-14,0.874,0.88,0.869,0.87,16142400
2018-03-15,0.87,0.871,0.862,0.867,15969800
2018-03-16,0.867,0.872,0.856,0.857,15432900
2018-03-19,0.857,0.863,0.852,0.858,15440500
2018-03-20,0.853,0.86,0.849,0.857,14311700
2018-03-21,0.857,0.879,0.857,0.86,30130700
2018-03-22,0.862,0.871,0.856,0.858,13733400
2018-03-23,0.84,0.84,0.798,0.814,55871600
2018-03-26,0.803,0.819,0.797,0.818,20142800
2018-03-27,0.825,0.833,0.823,0.828,18754500
2018-03-28,0.819,0.831,0.818,0.82,12056900
2018-03-29,0.826,0.84,0.819,0.837,22100700
2018-03-30,0.839,0.846,0.837,0.843,15095700
2018-04-02,0.844,0.868,0.841,0.853,30479133
2018-04-03,0.843,0.859,0.84,0.853,26683800
2018-04-04,0.855,0.863,0.844,0.845,20231400
2018-04-09,0.844,0.851,0.836,0.849,20048600
2018-04-10,0.85,0.867,0.85,0.863,29637767
2018-04-11,0.862,0.865,0.856,0.859,23189800
2018-04-12,0.858,0.866,0.85,0.852,19713700
2018-04-13,0.857,0.858,0.842,0.843,17416300
2018-04-16,0.838,0.843,0.823,0.824,21486100
2018-04-17,0.826,0.842,0.824,0.825,28306478
2018-04-18,0.835,0.838,0.826,0.837,15585100
2018-04-19,0.839,0.847,0.835,0.841,22002500
2018-04-20,0.839,0.84,0.813,0.814,27640000
2018-04-23,0.815,0.824,0.814,0.82,16806100
2018-04-24,0.82,0.843,0.82,0.841,23405600
2018-04-25,0.836,0.841,0.834,0.838,12088900
2018-04-26,0.838,0.842,0.819,0.82,14215900
2018-04-27,0.825,0.838,0.822,0.832,17045000
2018-05-02,0.845,0.846,0.832,0.835,20101300
2018-05-03,0.836,0.858,0.834,0.855,35074800
2018-05-04,0.852,0.855,0.848,0.849,14508900
2018-05-07,0.857,0.859,0.853,0.858,19208800
2018-05-08,0.858,0.864,0.853,0.862,24877400
2018-05-09,0.86,0.861,0.851,0.853,18761200
2018-05-10,0.855,0.859,0.85,0.858,37963100
2018-05-11,0.858,0.86,0.847,0.848,15795100
2018-05-14,0.849,0.856,0.849,0.852,16398500
2018-05-15,0.852,0.853,0.841,0.849,24654100
2018-05-16,0.846,0.847,0.838,0.839,22310800
2018-05-17,0.839,0.841,0.831,0.832,15548900
2018-05-18,0.832,0.843,0.83,0.842,24339000
2018-05-21,0.847,0.853,0.845,0.848,23186200
2018-05-22,0.847,0.847,0.837,0.843,24979700
2018-05-23,0.84,0.841,0.833,0.834,16024700
2018-05-24,0.834,0.836,0.825,0.826,22196200
2018-05-25,0.829,0.83,0.818,0.819,18441900
2018-05-28,0.817,0.823,0.814,0.816,17318900
2018-05-29,0.817,0.819,0.804,0.806,26002900
2018-05-30,0.8,0.8,0.774,0.776,41372200
2018-05-31,0.782,0.788,0.777,0.786,32120000
2018-06-01,0.784,0.8,0.779,0.79,31628200
2018-06-04,0.792,0.795,0.785,0.785,11582800
2018-06-05,0.787,0.791,0.781,0.791,13878500
2018-06-06,0.791,0.794,0.783,0.789,23673200
2018-06-07,0.792,0.806,0.79,0.796,37106900
2018-06-08,0.796,0.797,0.772,0.777,36479800
2018-06-11,0.775,0.784,0.772,0.779,18782500
2018-06-12,0.78,0.783,0.773,0.782,15471700
2018-06-13,0.782,0.782,0.769,0.77,24577900
2018-06-14,0.769,0.779,0.767,0.773,38151100
2018-06-15,0.778,0.778,0.764,0.766,47567700
2018-06-19,0.76,0.76,0.701,0.715,81598200
2018-06-20,0.711,0.717,0.698,0.71,36961700
2018-06-21,0.711,0.713,0.686,0.689,42307300
2018-06-22,0.683,0.698,0.68,0.697,46281200
2018-06-25,0.702,0.705,0.689,0.692,27791900
2018-06-26,0.685,0.698,0.68,0.695,37134319
2018-06-27,0.695,0.697,0.687,0.691,28943900
2018-06-28,0.691,0.714,0.69,0.697,37749919
2018-06-29,0.697,0.717,0.696,0.715,30781000
2018-07-02,0.714,0.714,0.69,0.697,31286600
2018-07-03,0.7,0.706,0.692,0.706,27090700
2018-07-04,0.705,0.706,0.694,0.696,29826500
2018-07-05,0.698,0.705,0.688,0.689,37605800
2018-07-06,0.692,0.705,0.677,0.694,54223500
2018-07-09,0.694,0.707,0.693,0.706,27460700
2018-07-10,0.707,0.709,0.701,0.706,27117500
2018-07-11,0.697,0.697,0.679,0.684,31753200
2018-07-12,0.685,0.709,0.684,0.706,37367600
2018-07-13,0.706,0.707,0.701,0.704,28383500
2018-07-16,0.707,0.707,0.698,0.702,20871700
2018-07-17,0.702,0.702,0.692,0.696,20423400
2018-07-18,0.697,0.702,0.691,0.691,15318100
2018-07-19,0.691,0.697,0.685,0.688,20492300
2018-07-20,0.69,0.712,0.685,0.709,59025500
2018-07-23,0.706,0.721,0.703,0.72,34373400
2018-07-24,0.718,0.741,0.717,0.733,45421000
2018-07-25,0.735,0.735,0.724,0.727,23477600
2018-07-26,0.728,0.732,0.721,0.722,26376200
2018-07-27,0.721,0.723,0.716,0.718,27236800
2018-07-30,0.718,0.723,0.71,0.714,31001200
2018-07-31,0.714,0.719,0.71,0.716,22753600
2018-08-01,0.717,0.722,0.7,0.7,27611800
2018-08-02,0.697,0.699,0.672,0.681,37487700
2018-08-03,0.679,0.684,0.674,0.675,20670300
2018-08-06,0.677,0.683,0.664,0.667,29453100
2018-08-07,0.668,0.687,0.666,0.686,32438300
2018-08-08,0.686,0.686,0.675,0.676,27036700
2018-08-09,0.676,0.691,0.673,0.688,30022800
2018-08-10,0.688,0.69,0.683,0.688,24525900
2018-08-13,0.681,0.687,0.675,0.685,35494100
2018-08-14,0.685,0.686,0.68,0.682,24498600
2018-08-15,0.683,0.684,0.67,0.671,24003400
2018-08-16,0.668,0.687,0.661,0.676,45112800
2018-08-17,0.679,0.684,0.669,0.671,35267300
2018-08-20,0.674,0.681,0.669,0.68,25778400
2018-08-21,0.68,0.689,0.68,0.685,26413100
2018-08-22,0.682,0.685,0.68,0.681,18382800
2018-08-23,0.682,0.691,0.678,0.687,26422700
2018-08-24,0.686,0.695,0.681,0.689,36983800
2018-08-27,0.69,0.7,0.689,0.699,34452700
2018-08-28,0.699,0.701,0.694,0.696,21477800
2018-08-29,0.695,0.695,0.689,0.69,24961400
2018-08-30,0.69,0.692,0.681,0.682,22253100
2018-08-31,0.683,0.688,0.68,0.682,19763400
2018-09-03,0.681,0.684,0.677,0.681,21775200
2018-09-04,0.681,0.69,0.679,0.689,36184945
2018-09-05,0.686,0.688,0.677,0.677,63073845
2018-09-06,0.677,0.681,0.673,0.676,14935200
2018-09-07,0.676,0.684,0.671,0.677,22674200
2018-09-10,0.676,0.676,0.656,0.656,45776300
2018-09-11,0.659,0.663,0.655,0.659,26320800
2018-09-12,0.661,0.668,0.658,0.662,24371600
2018-09-13,0.668,0.672,0.665,0.671,21767300
2018-09-14,0.671,0.674,0.667,0.668,17061418
2018-09-17,0.667,0.669,0.661,0.666,22230100
2018-09-18,0.666,0.678,0.663,0.677,27487200
2018-09-19,0.674,0.687,0.674,0.682,39160900
2018-09-20,0.681,0.685,0.679,0.68,22738700
2018-09-21,0.681,0.696,0.677,0.696,39291700
2018-09-25,0.689,0.692,0.686,0.688,24798800
2018-09-26,0.689,0.7,0.687,0.692,33346300
2018-09-27,0.69,0.692,0.686,0.688,16909000
2018-09-28,0.688,0.696,0.688,0.695,24937800
2018-10-08,0.683,0.689,0.668,0.67,32998925
2018-10-09,0.67,0.673,0.665,0.667,35546400
2018-10-10,0.668,0.672,0.665,0.668,19743000
2018-10-11,0.656,0.656,0.615,0.619,58772100
2018-10-12,0.618,0.62,0.6,0.611,66370300
2018-10-15,0.614,0.615,0.601,0.603,37888200
2018-10-16,0.603,0.612,0.592,0.596,54517981
2018-10-17,0.603,0.607,0.593,0.603,31951300
2018-10-18,0.601,0.604,0.592,0.592,32746000
2018-10-19,0.588,0.614,0.584,0.61,43729800
2018-10-22,0.62,0.671,0.615,0.671,74610324
2018-10-23,0.701,0.715,0.666,0.679,115929181
2018-10-24,0.665,0.708,0.661,0.688,118652224
2018-10-25,0.664,0.719,0.664,0.718,107072615
2018-10-26,0.718,0.719,0.69,0.692,99670400
2018-10-29,0.695,0.705,0.68,0.688,61947811
2018-10-30,0.689,0.742,0.681,0.725,149413924
2018-10-31,0.719,0.727,0.705,0.715,90944445
2018-11-01,0.721,0.764,0.721,0.723,159401205
2018-11-02,0.75,0.755,0.729,0.741,130583805
2018-11-05,0.742,0.745,0.727,0.742,101730135
2018-11-06,0.739,0.751,0.728,0.737,100903100
2018-11-07,0.73,0.736,0.721,0.722,78026000
2018-11-08,0.729,0.731,0.709,0.71,71605500
2018-11-09,0.707,0.721,0.704,0.711,56550279
2018-11-12,0.71,0.725,0.709,0.725,82500751
2018-11-13,0.719,0.756,0.713,0.742,142495572
2018-11-14,0.74,0.748,0.728,0.73,98926872
2018-11-15,0.731,0.755,0.728,0.75,111897781
2018-11-16,0.753,0.79,0.749,0.771,183214772
2018-11-19,0.765,0.803,0.765,0.795,162735600
2018-11-20,0.787,0.796,0.758,0.76,139950900
2018-11-21,0.749,0.767,0.745,0.761,103038700
2018-11-22,0.763,0.764,0.741,0.752,80387800
2018-11-23,0.752,0.76,0.724,0.729,104578200
2018-11-26,0.725,0.737,0.719,0.724,79885200
2018-11-27,0.73,0.736,0.72,0.728,67785143
2018-11-28,0.725,0.749,0.723,0.748,140257462
2018-11-29,0.752,0.758,0.721,0.723,113675680
2018-11-30,0.719,0.736,0.713,0.734,80391490
2018-12-03,0.777,0.777,0.752,0.756,148961167
2018-12-04,0.752,0.763,0.751,0.762,89344493
2018-12-05,0.75,0.759,0.748,0.752,73225060
2018-12-06,0.745,0.75,0.731,0.733,72233200
2018-12-07,0.738,0.742,0.733,0.736,42269300
2018-12-10,0.729,0.732,0.719,0.726,55589900
2018-12-11,0.73,0.731,0.723,0.728,43622300
2018-12-12,0.733,0.741,0.728,0.731,61919800
2018-12-13,0.732,0.745,0.724,0.738,92371000
2018-12-14,0.736,0.737,0.716,0.716,65808900
2018-12-17,0.714,0.724,0.711,0.721,59282300
2018-12-18,0.718,0.723,0.705,0.708,68520152
2018-12-19,0.711,0.712,0.702,0.703,74724300
2018-12-20,0.701,0.714,0.696,0.709,82165100
2018-12-21,0.705,0.707,0.69,0.695,73817100
2018-12-24,0.693,0.699,0.687,0.691,54113200
2018-12-25,0.681,0.687,0.663,0.675,115908600
2018-12-26,0.674,0.679,0.667,0.671,75645600
2018-12-27,0.68,0.684,0.669,0.671,55996100
2018-12-28,0.674,0.691,0.672,0.684,80212100
2019-01-02,0.684,0.685,0.675,0.681,46222900
2019-01-03,0.682,0.712,0.68,0.696,114532000
2019-01-04,0.689,0.763,0.689,0.747,239025600
2019-01-07,0.749,0.753,0.737,0.745,151308052
2019-01-08,0.742,0.757,0.736,0.745,122538552
2019-01-09,0.745,0.761,0.744,0.748,166587800
2019-01-10,0.75,0.752,0.736,0.736,85746600
2019-01-11,0.737,0.75,0.736,0.744,96584700
2019-01-14,0.75,0.752,0.738,0.741,46258900
2019-01-15,0.74,0.764,0.738,0.76,148950700
2019-01-16,0.76,0.76,0.749,0.753,69708100
2019-01-17,0.753,0.759,0.743,0.744,61084100
2019-01-18,0.745,0.755,0.744,0.754,57603969
2019-01-21,0.754,0.76,0.745,0.749,112198500
2019-01-22,0.747,0.751,0.735,0.738,65467700
2019-01-23,0.736,0.742,0.73,0.736,42778300
2019-01-24,0.738,0.758,0.738,0.749,91297400
2019-01-25,0.748,0.754,0.746,0.748,67884500
2019-01-28,0.757,0.762,0.741,0.743,105219900
2019-01-29,0.742,0.743,0.723,0.737,102808200
2019-01-30,0.736,0.74,0.727,0.728,59467400
2019-01-31,0.733,0.745,0.73,0.737,72410618
2019-02-01,0.749,0.757,0.746,0.756,107749697
2019-02-11,0.76,0.77,0.754,0.769,89826800
2019-02-12,0.77,0.781,0.764,0.774,106740779
2019-02-13,0.774,0.804,0.77,0.801,165092379
2019-02-14,0.799,0.806,0.793,0.799,137452900
2019-02-15,0.797,0.801,0.78,0.782,117476100
2019-02-18,0.79,0.83,0.79,0.827,156761723
2019-02-19,0.829,0.861,0.824,0.834,271895295
2019-02-20,0.834,0.846,0.824,0.836,156619972
2019-02-21,0.835,0.875,0.827,0.843,248523972
2019-02-22,0.849,0.927,0.837,0.927,404834983
2019-02-25,0.981,1.02,0.952,1.02,474694967
2019-02-26,1.052,1.071,0.994,0.998,661982984
2019-02-27,0.989,1.024,0.964,0.989,445702886
2019-02-28,0.988,0.988,0.942,0.956,361837310
2019-03-01,0.966,0.998,0.95,0.987,444392708
2019-03-04,0.997,1.049,0.971,0.995,542730681
2019-03-05,0.98,0.998,0.976,0.995,344174800
2019-03-06,0.995,1.077,0.994,1.051,588548420
2019-03-07,1.06,1.13,1.039,1.104,580869418
2019-03-08,1.035,1.063,0.994,0.995,603307966
2019-03-11,0.992,1.025,0.97,1.01,517635481
2019-03-12,1.016,1.046,1.009,1.02,500946981
2019-03-13,1.019,1.026,0.99,1.002,363374656
2019-03-14,0.99,1.008,0.957,0.968,491977043
2019-03-15,0.976,0.996,0.966,0.981,388030851
2019-03-18,0.98,1.005,0.961,1.005,470492451
2019-03-19,1.005,1.009,0.988,0.994,322980705
2019-03-20,0.991,1.02,0.988,1.008,420938051
2019-03-21,1.012,1.047,0.999,1.022,553241456
2019-03-22,1.016,1.024,0.992,1.011,332890251
2019-03-25,0.99,1.004,0.971,0.973,380937700
2019-03-26,0.979,0.984,0.937,0.943,344509476
2019-03-27,0.95,0.958,0.939,0.948,277791800
2019-03-28,0.942,0.961,0.931,0.94,282660366
2019-03-29,0.945,1.022,0.944,1.02,710352361
2019-04-01,1.022,1.053,1.007,1.035,536414539
2019-04-02,1.035,1.058,1.024,1.031,411683625
2019-04-03,1.02,1.088,1.018,1.084,563685883
2019-04-04,1.088,1.095,1.068,1.085,448741782
2019-04-08,1.091,1.101,1.042,1.059,444250844
2019-04-09,1.058,1.073,1.039,1.059,321655272
2019-04-10,1.06,1.064,1.022,1.044,433853207
2019-04-11,1.036,1.043,1.02,1.023,366553000
2019-04-12,1.02,1.037,1.015,1.027,365486717
2019-04-15,1.048,1.053,1.003,1.005,372483980
2019-04-16,0.995,1.032,0.984,1.031,483754090
2019-04-17,1.024,1.034,1.019,1.023,314360500
2019-04-18,1.023,1.029,1.012,1.015,239483460
2019-04-19,1.017,1.034,1.014,1.027,272102693
2019-04-22,1.039,1.042,1.0,1.004,289932325
2019-04-23,1.0,1.031,0.994,1.009,338518500
2019-04-24,1.008,1.02,1.004,1.017,226691200
2019-04-25,1.017,1.027,0.987,0.989,335808068
2019-04-26,0.987,1.01,0.98,0.995,319565638
2019-04-29,0.996,0.996,0.948,0.952,429946200
2019-04-30,0.953,0.966,0.95,0.957,180182014
2019-05-06,0.9,0.919,0.861,0.864,479976746
2019-05-07,0.871,0.882,0.85,0.877,370953463
2019-05-08,0.859,0.881,0.854,0.866,288832700
2019-05-09,0.852,0.874,0.85,0.854,248950117
2019-05-10,0.866,0.896,0.851,0.892,475498217
2019-05-13,0.878,0.883,0.868,0.873,207690184
2019-05-14,0.863,0.88,0.861,0.862,202158900
2019-05-15,0.87,0.881,0.868,0.876,215761600
2019-05-16,0.874,0.882,0.87,0.879,144709584
2019-05-17,0.879,0.88,0.836,0.843,292793684
2019-05-20,0.833,0.861,0.83,0.85,225159898
2019-05-21,0.849,0.871,0.847,0.862,218772004
2019-05-22,0.862,0.867,0.848,0.853,130287334
2019-05-23,0.85,0.867,0.844,0.851,196446400
2019-05-24,0.852,0.86,0.849,0.852,129779700
2019-05-27,0.854,0.88,0.845,0.876,281455200
2019-05-28,0.872,0.883,0.867,0.872,175717600
2019-05-29,0.869,0.882,0.867,0.873,150200800
2019-05-30,0.868,0.87,0.854,0.861,162313500
2019-05-31,0.861,0.867,0.854,0.855,140180200
2019-06-03,0.862,0.874,0.853,0.856,204568900
2019-06-04,0.855,0.857,0.847,0.853,130301800
2019-06-05,0.863,0.871,0.857,0.86,193619248
2019-06-06,0.858,0.868,0.85,0.851,154501848
2019-06-10,0.85,0.852,0.823,0.841,195918000
2019-06-11,0.841,0.887,0.84,0.884,415830900
2019-06-12,0.879,0.888,0.872,0.875,197661100
2019-06-13,0.871,0.887,0.871,0.881,198577000
2019-06-14,0.879,0.885,0.861,0.864,150846800
2019-06-17,0.864,0.873,0.863,0.87,109412500
2019-06-18,0.871,0.872,0.859,0.868,106968500
2019-06-19,0.918,0.928,0.886,0.886,364907154
2019-06-20,0.885,0.96,0.882,0.94,588224812
2019-06-21,0.948,0.964,0.941,0.952,338405640
2019-06-24,0.968,0.968,0.945,0.95,199910396
2019-06-25,0.95,0.957,0.924,0.952,297936609
2019-06-26,0.934,0.943,0.925,0.932,171707592
2019-06-27,0.934,0.961,0.934,0.947,238682313
2019-06-28,0.944,0.947,0.934,0.943,180767520
2019-07-01,0.972,0.978,0.959,0.964,348404903
2019-07-02,0.96,0.96,0.951,0.954,202307057
2019-07-03,0.952,0.953,0.932,0.937,201613633
2019-07-04,0.939,0.95,0.931,0.938,161343000
2019-07-05,0.937,0.942,0.93,0.937,142799863
2019-07-08,0.933,0.938,0.906,0.914,257300463
2019-07-09,0.913,0.924,0.905,0.92,172239800
2019-07-10,0.92,0.929,0.913,0.917,144651915
2019-07-11,0.925,0.933,0.911,0.919,167335082
2019-07-12,0.916,0.927,0.91,0.922,151223200
2019-07-15,0.918,0.952,0.911,0.939,281638754
2019-07-16,0.935,0.941,0.933,0.936,106442454
2019-07-17,0.933,0.942,0.932,0.934,142900746
2019-07-18,0.93,0.93,0.92,0.92,149290100
2019-07-19,0.924,0.945,0.924,0.939,231603246
2019-07-22,0.942,0.945,0.918,0.92,221821484
2019-07-23,0.92,0.926,0.917,0.922,129079300
2019-07-24,0.924,0.939,0.924,0.93,223934256
2019-07-25,0.928,0.933,0.924,0.932,129424156
2019-07-26,0.927,0.93,0.924,0.929,106416800
2019-07-29,0.929,0.93,0.912,0.915,199916700
2019-07-30,0.916,0.933,0.916,0.923,206411100
2019-07-31,0.921,0.921,0.915,0.917,112071100
2019-08-01,0.912,0.917,0.903,0.906,178596159
2019-08-02,0.885,0.885,0.873,0.878,273893600
2019-08-05,0.872,0.879,0.857,0.858,220977800
2019-08-06,0.839,0.864,0.828,0.854,372884021
2019-08-07,0.855,0.858,0.84,0.841,150253300
2019-08-08,0.861,0.866,0.85,0.851,220109500
2019-08-09,0.856,0.858,0.838,0.84,180459500
2019-08-12,0.849,0.86,0.849,0.859,248833648
2019-08-13,0.851,0.853,0.847,0.85,126182627
2019-08-14,0.862,0.865,0.851,0.852,174717794
2019-08-15,0.833,0.853,0.83,0.85,252057358
2019-08-16,0.848,0.864,0.847,0.854,194925023
2019-08-19,0.867,0.913,0.86,0.912,568404120
2019-08-20,0.912,0.917,0.902,0.904,253912850
2019-08-21,0.902,0.909,0.899,0.9,145542300
2019-08-22,0.904,0.905,0.892,0.899,130992050
2019-08-23,0.899,0.909,0.894,0.897,168442800
2019-08-26,0.873,0.888,0.873,0.882,178614400
2019-08-27,0.887,0.915,0.886,0.9,259648159
2019-08-28,0.897,0.897,0.886,0.888,130367177
2019-08-29,0.894,0.894,0.882,0.883,141829100
2019-08-30,0.89,0.899,0.875,0.88,188536500
2019-09-02,0.88,0.903,0.878,0.899,259572938
2019-09-03,0.899,0.902,0.893,0.901,158154256
2019-09-04,0.899,0.921,0.896,0.915,367281238
2019-09-05,0.933,0.973,0.933,0.94,601291271
2019-09-06,0.952,0.957,0.939,0.95,256014030
2019-09-09,0.968,0.974,0.955,0.963,372042019
2019-09-10,0.963,0.973,0.948,0.964,277099410
2019-09-11,0.978,0.989,0.965,0.972,425960141
2019-09-12,0.975,0.988,0.966,0.986,283386363
2019-09-16,0.989,0.989,0.967,0.971,277467462
2019-09-17,0.966,0.969,0.94,0.944,384695275
2019-09-18,0.948,0.95,0.937,0.939,161931094
2019-09-19,0.944,0.945,0.936,0.944,180672586
2019-09-20,0.944,0.949,0.932,0.939,236532426
2019-09-23,0.933,0.934,0.92,0.926,253760100
2019-09-24,0.929,0.94,0.924,0.928,213200521
2019-09-25,0.923,0.932,0.918,0.922,228735200
2019-09-26,0.926,0.93,0.908,0.91,253024387
2019-09-27,0.909,0.917,0.908,0.916,155374423
2019-09-30,0.916,0.917,0.895,0.896,205234932
2019-10-08,0.893,0.9,0.887,0.89,176125392
2019-10-09,0.885,0.891,0.878,0.891,197999335
2019-10-10,0.89,0.9,0.888,0.898,193777225
2019-10-11,0.9,0.922,0.891,0.914,351594435
2019-10-14,0.927,0.941,0.921,0.928,412548652
2019-10-15,0.926,0.926,0.915,0.916,171144295
2019-10-16,0.917,0.929,0.909,0.911,166352868
2019-10-17,0.91,0.917,0.903,0.907,152629945
2019-10-18,0.908,0.91,0.887,0.888,214785998
2019-10-21,0.883,0.885,0.869,0.878,211914043
2019-10-22,0.88,0.884,0.875,0.883,147200141
2019-10-23,0.884,0.886,0.874,0.875,164868500
2019-10-24,0.876,0.886,0.873,0.88,189289173
2019-10-25,0.879,0.892,0.875,0.89,246002300
2019-10-28,0.895,0.906,0.887,0.904,263688841
2019-10-29,0.903,0.903,0.884,0.885,216748266
2019-10-30,0.882,0.886,0.876,0.878,147476886
2019-10-31,0.878,0.883,0.873,0.875,153421700
2019-11-01,0.872,0.89,0.87,0.887,204498192
2019-11-04,0.888,0.895,0.885,0.888,230691356
2019-11-05,0.889,0.909,0.889,0.902,383303846
2019-11-06,0.899,0.901,0.888,0.891,184273437
2019-11-07,0.889,0.9,0.888,0.895,255827280
2019-11-08,0.903,0.906,0.883,0.884,278774700
2019-11-11,0.881,0.881,0.866,0.868,333393099
2019-11-12,0.868,0.871,0.862,0.868,165694581
2019-11-13,0.867,0.868,0.858,0.861,182143820
2019-11-14,0.861,0.868,0.858,0.862,205061683
2019-11-15,0.862,0.865,0.852,0.852,257304700
2019-11-18,0.851,0.866,0.85,0.863,237767465
2019-11-19,0.861,0.871,0.861,0.87,256034365
2019-11-20,0.868,0.869,0.856,0.857,230295772
2019-11-21,0.854,0.86,0.851,0.856,153247600
2019-11-22,0.857,0.865,0.851,0.855,238561827
2019-11-25,0.856,0.858,0.85,0.858,167084124
2019-11-26,0.86,0.861,0.854,0.856,138048700
2019-11-27,0.854,0.857,0.851,0.852,164588018
2019-11-28,0.851,0.855,0.849,0.851,172443900
2019-11-29,0.851,0.86,0.85,0.855,244340888
2019-12-02,0.868,0.872,0.86,0.861,290302229
2019-12-03,0.858,0.867,0.855,0.867,189714273
2019-12-04,0.863,0.865,0.861,0.863,174946100
2019-12-05,0.866,0.879,0.866,0.878,426599899
2019-12-06,0.879,0.882,0.873,0.881,255198112
2019-12-09,0.883,0.885,0.877,0.881,213870300
2019-12-10,0.878,0.88,0.873,0.879,188083677
2019-12-11,0.88,0.889,0.875,0.879,252832389
2019-12-12,0.878,0.879,0.874,0.875,196076789
2019-12-13,0.885,0.917,0.885,0.91,813733142
2019-12-16,0.912,0.929,0.903,0.925,549631242
2019-12-17,0.924,0.979,0.92,0.95,879540871
2019-12-18,0.949,0.967,0.946,0.953,549154120
2019-12-19,0.95,0.955,0.942,0.947,364584464
2019-12-20,0.95,0.972,0.949,0.953,678190348
2019-12-23,0.952,0.962,0.924,0.926,509614238
2019-12-24,0.93,0.937,0.925,0.935,336480843
2019-12-25,0.931,0.949,0.927,0.939,369841339
2019-12-26,0.939,0.964,0.938,0.963,494596475
2019-12-27,0.961,0.975,0.94,0.942,673333010
2019-12-30,0.937,1.004,0.932,0.999,1022666823
2019-12-31,0.994,1.0,0.981,0.991,582105614
2020-01-02,1.011,1.017,0.994,0.999,707439611
2020-01-03,0.999,1.008,0.991,0.997,470271360
2020-01-06,0.989,1.013,0.981,0.996,712031048
2020-01-07,0.999,1.008,0.988,1.002,560226174
2020-01-08,0.993,0.995,0.968,0.971,970175474
2020-01-09,0.987,0.995,0.98,0.986,477020700
2020-01-10,1.002,1.005,0.982,0.989,525102600
2020-01-13,0.983,1.001,0.971,1.0,698187450
2020-01-14,1.002,1.004,0.988,0.989,510884100
2020-01-15,0.987,0.991,0.98,0.984,339908175
2020-01-16,0.985,0.988,0.977,0.979,323116861
2020-01-17,0.982,0.996,0.981,0.983,426515073
2020-01-20,0.985,0.998,0.977,0.997,540959312
2020-01-21,0.993,0.998,0.978,0.98,671383904
2020-01-22,0.975,0.993,0.958,0.988,775378784
2020-01-23,0.976,0.978,0.936,0.947,944633865
2020-02-03,0.852,0.854,0.852,0.852,488265064
2020-02-04,0.837,0.856,0.83,0.851,1550539270
2020-02-05,0.853,0.884,0.845,0.861,1071219966
2020-02-06,0.861,0.893,0.854,0.885,1026546354
2020-02-07,0.879,0.891,0.874,0.888,715742141
2020-02-10,0.881,0.901,0.878,0.895,597129298
2020-02-11,0.901,0.914,0.893,0.894,744103525
2020-02-12,0.891,0.912,0.889,0.907,625691777
2020-02-13,0.909,0.911,0.89,0.893,560690886
2020-02-14,0.89,0.919,0.888,0.909,742907629
2020-02-17,0.932,0.958,0.924,0.955,1042031935
2020-02-18,0.956,0.959,0.94,0.948,757668880
2020-02-19,0.947,0.97,0.943,0.955,882431053
2020-02-20,0.955,1.015,0.951,1.012,1516879529
2020-02-21,1.013,1.044,0.998,1.014,1390132181
2020-02-24,1.012,1.025,0.998,1.013,1010269137
2020-02-25,0.994,1.023,0.973,1.02,1519386968
2020-02-26,1.006,1.032,0.995,1.001,1224873667
2020-02-27,1.008,1.025,0.999,1.003,920676060
2020-02-28,0.973,0.982,0.934,0.938,1392554939
2020-03-02,0.953,0.997,0.944,0.987,1170167357
2020-03-03,1.008,1.02,0.984,0.996,1242339391
2020-03-04,0.989,1.023,0.988,1.022,1243837723
2020-03-05,1.035,1.069,1.016,1.056,1664128765
2020-03-06,1.037,1.041,1.015,1.016,1503023502
2020-03-09,0.997,1.007,0.971,0.982,1619514594
2020-03-10,0.984,1.022,0.972,1.016,1450475720
2020-03-11,1.015,1.015,0.986,0.988,1008590089
2020-03-12,0.971,0.987,0.965,0.975,1005789698
2020-03-13,0.931,0.98,0.924,0.969,1441481991
2020-03-16,0.97,0.97,0.91,0.913,1185162919
2020-03-17,0.926,0.936,0.892,0.915,986530094
2020-03-18,0.922,0.927,0.885,0.886,919230955
2020-03-19,0.888,0.906,0.87,0.897,1413343594
2020-03-20,0.902,0.907,0.888,0.907,710997006
2020-03-23,0.879,0.892,0.866,0.867,776912765
2020-03-24,0.886,0.889,0.864,0.887,833239021
2020-03-25,0.905,0.91,0.897,0.904,969870729
2020-03-26,0.895,0.902,0.89,0.891,483625253
2020-03-27,0.9,0.914,0.893,0.895,623210802
2020-03-30,0.882,0.89,0.875,0.885,460320932
2020-03-31,0.893,0.896,0.88,0.881,439425100
2020-04-01,0.88,0.894,0.877,0.878,487796000
2020-04-02,0.875,0.895,0.874,0.894,506488401
2020-04-03,0.889,0.891,0.878,0.881,415680819
2020-04-07,0.896,0.905,0.891,0.901,749739381
2020-04-08,0.894,0.903,0.892,0.897,374032890
2020-04-09,0.905,0.92,0.904,0.906,752473337
2020-04-10,0.907,0.908,0.891,0.893,500098437
2020-04-13,0.887,0.889,0.88,0.885,391436550
2020-04-14,0.89,0.918,0.887,0.907,719777474
2020-04-15,0.902,0.916,0.897,0.898,524699280
2020-04-16,0.893,0.916,0.892,0.906,610069824
2020-04-17,0.912,0.914,0.903,0.905,619119134
2020-04-20,0.906,0.908,0.903,0.908,355405200
2020-04-21,0.903,0.904,0.886,0.892,529979523
2020-04-22,0.886,0.895,0.884,0.894,350704500
2020-04-23,0.893,0.894,0.885,0.886,330569700
2020-04-24,0.884,0.887,0.867,0.87,529675541
2020-04-27,0.872,0.878,0.868,0.869,428467348
2020-04-28,0.877,0.886,0.862,0.879,644525084
2020-04-29,0.874,0.886,0.872,0.881,338533042
2020-04-30,0.887,0.903,0.886,0.902,645905907
2020-05-06,0.889,0.904,0.885,0.904,649074810
2020-05-07,0.902,0.909,0.897,0.898,547150903
2020-05-08,0.906,0.924,0.901,0.915,893946426
2020-05-11,0.917,0.919,0.902,0.907,557817900
2020-05-12,0.91,0.913,0.897,0.905,406589040
2020-05-13,0.898,0.908,0.898,0.905,332562897
2020-05-14,0.901,0.902,0.892,0.894,471889369
2020-05-15,0.898,0.902,0.894,0.895,439750860
2020-05-18,0.895,0.899,0.888,0.89,418739485
2020-05-19,0.899,0.901,0.894,0.896,400051479
2020-05-20,0.895,0.898,0.888,0.89,421528023
2020-05-21,0.892,0.893,0.88,0.883,523193313
2020-05-22,0.882,0.882,0.86,0.86,908999491
2020-05-25,0.859,0.864,0.853,0.857,384097300
2020-05-26,0.861,0.867,0.86,0.867,362556140
2020-05-27,0.866,0.866,0.855,0.857,356166224
2020-05-28,0.858,0.878,0.858,0.868,684292183
2020-05-29,0.862,0.867,0.861,0.863,393706494
2020-06-01,0.883,0.905,0.879,0.9,1284996555
2020-06-02,0.899,0.904,0.894,0.898,478408788
2020-06-03,0.901,0.905,0.888,0.889,580579175
2020-06-04,0.893,0.894,0.884,0.885,417321551
2020-06-05,0.885,0.895,0.881,0.893,563308486
2020-06-08,0.9,0.9,0.888,0.889,435318800
2020-06-09,0.891,0.906,0.888,0.899,642376335
2020-06-10,0.897,0.897,0.889,0.892,384618000
2020-06-11,0.891,0.904,0.886,0.887,697677430
2020-06-12,0.875,0.888,0.871,0.885,504444847
2020-06-15,0.887,0.902,0.882,0.883,674951801
2020-06-16,0.89,0.895,0.887,0.892,385181554
2020-06-17,0.892,0.893,0.884,0.889,345157400
2020-06-18,0.888,0.904,0.886,0.899,644808155
2020-06-19,0.898,0.938,0.896,0.927,1489403568
2020-06-22,0.93,0.985,0.929,0.954,1554147073
2020-06-23,0.95,0.963,0.943,0.962,820412333
2020-06-24,0.965,0.98,0.958,0.963,600186354
2020-06-29,0.951,0.953,0.93,0.932,805651559
2020-06-30,0.936,0.975,0.935,0.963,870919443
2020-07-01,0.963,0.983,0.957,0.982,1005578108
2020-07-02,0.981,1.066,0.978,1.06,2152865509
2020-07-03,1.08,1.165,1.062,1.16,2460947218
2020-07-06,1.199,1.276,1.171,1.276,2595237817
2020-07-07,1.295,1.298,1.195,1.218,2873148417
2020-07-08,1.21,1.335,1.202,1.3,2410965720
2020-07-09,1.276,1.329,1.253,1.297,2183258428
2020-07-10,1.268,1.304,1.261,1.268,1544858213
2020-07-13,1.257,1.321,1.244,1.293,1715133315
2020-07-14,1.276,1.303,1.261,1.292,1262831519
2020-07-15,1.307,1.313,1.254,1.256,1185472972
2020-07-16,1.25,1.282,1.182,1.184,2480944052
2020-07-17,1.199,1.204,1.131,1.154,1306274585
2020-07-20,1.183,1.228,1.165,1.216,1250070250
2020-07-21,1.216,1.222,1.186,1.194,854675537
2020-07-22,1.2,1.254,1.192,1.208,1429432204
2020-07-23,1.186,1.218,1.174,1.214,1212624752
2020-07-24,1.201,1.208,1.124,1.134,1657662404
2020-07-27,1.135,1.145,1.107,1.133,940421040
2020-07-28,1.145,1.154,1.12,1.131,663746694
2020-07-29,1.128,1.182,1.124,1.179,1183805702
2020-07-30,1.182,1.185,1.163,1.168,822966085
2020-07-31,1.163,1.208,1.162,1.186,1184605424
2020-08-03,1.205,1.214,1.186,1.212,952167057
2020-08-04,1.216,1.229,1.2,1.205,981991004
2020-08-05,1.201,1.21,1.184,1.199,678840894
2020-08-06,1.199,1.256,1.175,1.239,1316220528
2020-08-07,1.21,1.241,1.175,1.199,1602146194
2020-08-10,1.186,1.238,1.18,1.213,1986789296
2020-08-11,1.209,1.227,1.169,1.174,980449396
2020-08-12,1.166,1.178,1.142,1.166,906394834
2020-08-13,1.169,1.19,1.16,1.172,608693434
2020-08-14,1.164,1.189,1.161,1.188,577480437
2020-08-17,1.21,1.278,1.208,1.249,1771659350
2020-08-18,1.246,1.258,1.231,1.241,834030889
2020-08-19,1.237,1.25,1.215,1.219,756968641
2020-08-20,1.207,1.212,1.191,1.196,663958809
2020-08-21,1.205,1.222,1.197,1.215,584428084
2020-08-24,1.22,1.223,1.204,1.208,555215989
2020-08-25,1.211,1.226,1.198,1.202,619116385
2020-08-26,1.197,1.205,1.17,1.171,889243737
2020-08-27,1.17,1.184,1.162,1.177,603724000
2020-08-28,1.175,1.214,1.171,1.21,868919408
2020-08-31,1.22,1.244,1.203,1.207,1018406654
2020-09-01,1.2,1.212,1.196,1.211,546729040
2020-09-02,1.215,1.224,1.193,1.209,688266662
2020-09-03,1.207,1.227,1.197,1.201,642764471
2020-09-04,1.179,1.193,1.176,1.19,576066913
2020-09-07,1.186,1.19,1.15,1.151,867347665
2020-09-08,1.155,1.182,1.146,1.173,843149533
2020-09-09,1.157,1.166,1.141,1.149,732156592
2020-09-10,1.16,1.163,1.124,1.125,779918953
2020-09-11,1.12,1.13,1.112,1.127,559703681
2020-09-14,1.132,1.134,1.119,1.128,460776729
2020-09-15,1.127,1.134,1.122,1.13,390122448
2020-09-16,1.131,1.142,1.122,1.126,476262078
2020-09-17,1.122,1.129,1.106,1.116,619663764
2020-09-18,1.114,1.179,1.113,1.177,1187405256
2020-09-21,1.21,1.218,1.174,1.175,1194450825
2020-09-22,1.159,1.207,1.155,1.174,861454557
2020-09-23,1.174,1.179,1.159,1.162,541351993
2020-09-24,1.154,1.169,1.148,1.148,562755009
2020-09-25,1.152,1.175,1.147,1.167,894290747
2020-09-28,1.161,1.173,1.161,1.165,519331800
2020-09-29,1.17,1.178,1.166,1.169,503661825
2020-09-30,1.17,1.174,1.145,1.153,666010160
2020-10-09,1.169,1.173,1.163,1.17,504667014
2020-10-12,1.18,1.219,1.178,1.217,1138201161
2020-10-13,1.201,1.204,1.19,1.201,805419709
2020-10-14,1.198,1.199,1.183,1.187,661606491
2020-10-15,1.189,1.204,1.183,1.185,523741903
2020-10-16,1.185,1.195,1.182,1.189,485246345
2020-10-19,1.198,1.208,1.175,1.176,781541754
2020-10-20,1.171,1.178,1.161,1.177,574149910
2020-10-21,1.175,1.179,1.165,1.172,428775596
2020-10-22,1.169,1.189,1.165,1.178,564111831
2020-10-23,1.174,1.185,1.158,1.159,619357487
2020-10-26,1.15,1.15,1.116,1.121,1057687933
2020-10-27,1.117,1.123,1.111,1.12,528454796
2020-10-28,1.119,1.132,1.113,1.127,494305700
2020-10-29,1.114,1.146,1.113,1.137,691139413
2020-10-30,1.134,1.141,1.099,1.1,872554221
2020-11-02,1.1,1.121,1.08,1.092,764124053
2020-11-03,1.096,1.132,1.095,1.122,816057915
2020-11-04,1.122,1.124,1.104,1.116,587377350
2020-11-05,1.131,1.142,1.122,1.132,765140883
2020-11-06,1.132,1.148,1.126,1.137,850773505
2020-11-09,1.145,1.196,1.14,1.18,1480219426
2020-11-10,1.187,1.187,1.156,1.161,934132141
2020-11-11,1.158,1.162,1.135,1.136,662104988
2020-11-12,1.137,1.144,1.128,1.13,553965600
2020-11-13,1.126,1.126,1.111,1.118,806455644
2020-11-16,1.126,1.129,1.114,1.125,570376200
2020-11-17,1.124,1.132,1.111,1.13,652196583
2020-11-18,1.13,1.146,1.127,1.132,798768642
2020-11-19,1.123,1.139,1.111,1.134,779828997
2020-11-20,1.13,1.138,1.128,1.136,544147720
2020-11-23,1.128,1.176,1.125,1.157,1448877869
2020-11-24,1.152,1.163,1.145,1.148,711473080
2020-11-25,1.157,1.163,1.129,1.13,839128825
2020-11-26,1.127,1.139,1.123,1.133,553344836
2020-11-27,1.133,1.161,1.132,1.16,933009053
2020-11-30,1.17,1.209,1.162,1.166,2046855742
2020-12-01,1.162,1.219,1.156,1.209,1636832366
2020-12-02,1.207,1.23,1.198,1.207,1119077295
2020-12-03,1.201,1.221,1.196,1.209,984278677
2020-12-04,1.202,1.202,1.181,1.191,890852576
2020-12-07,1.19,1.192,1.168,1.17,753041402
2020-12-08,1.169,1.181,1.166,1.171,606289354
2020-12-09,1.172,1.178,1.13,1.135,1221556068
2020-12-10,1.129,1.136,1.118,1.128,982629067
2020-12-11,1.127,1.129,1.103,1.113,1260997477
2020-12-14,1.114,1.117,1.104,1.114,644811641
2020-12-15,1.111,1.121,1.105,1.116,682479414
2020-12-16,1.117,1.118,1.104,1.106,702730189
2020-12-17,1.103,1.137,1.097,1.134,1450195221
2020-12-18,1.129,1.135,1.118,1.122,702435056
2020-12-21,1.119,1.136,1.111,1.13,849517793
2020-12-22,1.125,1.127,1.083,1.086,1439818080
2020-12-23,1.088,1.101,1.081,1.093,923605278
2020-12-24,1.091,1.102,1.081,1.083,907461180
2020-12-25,1.08,1.103,1.074,1.097,1053464451
2020-12-28,1.092,1.108,1.085,1.091,916562458
2020-12-29,1.095,1.115,1.094,1.096,1066974092
2020-12-30,1.091,1.117,1.09,1.117,1088573050
2020-12-31,1.127,1.176,1.127,1.167,2472990233
2021-01-04,1.181,1.189,1.153,1.177,1661048024
2021-01-05,1.168,1.188,1.155,1.176,1362866495
2021-01-06,1.174,1.196,1.161,1.174,1325985826
2021-01-07,1.177,1.187,1.152,1.186,1527421800
2021-01-08,1.186,1.195,1.173,1.179,1077064198
2021-01-11,1.185,1.188,1.15,1.151,1670786066
2021-01-12,1.143,1.235,1.139,1.229,3073025075
2021-01-13,1.222,1.234,1.191,1.199,1733423287
2021-01-14,1.191,1.194,1.168,1.17,1453188120
2021-01-15,1.167,1.19,1.159,1.167,1161464218
2021-01-18,1.162,1.195,1.158,1.178,1237610030
2021-01-19,1.176,1.199,1.17,1.176,1248314852
2021-01-20,1.178,1.195,1.173,1.178,1012457772
2021-01-21,1.182,1.218,1.176,1.195,1880562357
2021-01-22,1.189,1.194,1.166,1.172,1551932804
2021-01-25,1.172,1.182,1.159,1.164,1401828427
2021-01-26,1.157,1.163,1.12,1.122,2135281458
2021-01-27,1.122,1.133,1.118,1.123,890471059
2021-01-28,1.112,1.13,1.108,1.115,1211822866
2021-01-29,1.122,1.125,1.088,1.106,1260599533
2021-02-01,1.111,1.117,1.097,1.1,894593433
2021-02-02,1.101,1.104,1.088,1.102,1115983569
2021-02-03,1.1,1.103,1.086,1.087,989526431
2021-02-04,1.08,1.083,1.051,1.062,1388527308
2021-02-05,1.065,1.075,1.052,1.053,992098655
2021-02-08,1.054,1.064,1.04,1.056,1018231142
2021-02-09,1.056,1.088,1.045,1.087,1424606411
2021-02-10,1.082,1.09,1.075,1.086,989987528
2021-02-18,1.103,1.108,1.089,1.091,1169397561
2021-02-19,1.085,1.111,1.082,1.11,1086636045
2021-02-22,1.112,1.119,1.078,1.079,1473492688
2021-02-23,1.075,1.09,1.068,1.072,911334825
2021-02-24,1.074,1.083,1.058,1.067,1057199601
2021-02-25,1.072,1.082,1.061,1.068,979576586
2021-02-26,1.051,1.061,1.045,1.05,1142180148
2021-03-01,1.051,1.052,1.034,1.042,1102497176
2021-03-02,1.045,1.049,1.028,1.031,969507544
2021-03-03,1.029,1.048,1.028,1.048,945793770
2021-03-04,1.041,1.043,1.023,1.026,1044037019
2021-03-05,1.02,1.055,1.017,1.046,1454919476
2021-03-08,1.053,1.059,1.026,1.027,1065015653
2021-03-09,1.025,1.031,0.993,0.999,1229494285
2021-03-10,1.009,1.01,0.993,0.995,795290951
2021-03-11,0.996,1.011,0.995,1.009,787416474
2021-03-12,1.008,1.022,0.993,1.01,1290038631
2021-03-15,1.0,1.0,0.984,0.989,846489638
2021-03-16,0.991,0.993,0.982,0.991,512762612
2021-03-17,0.989,0.999,0.986,0.994,597448253
2021-03-18,0.995,1.005,0.993,0.997,666232777
2021-03-19,0.989,0.991,0.982,0.986,706801823
2021-03-22,0.989,1.011,0.987,1.002,792403228
2021-03-23,1.0,1.017,0.994,1.009,959894069
2021-03-24,1.004,1.038,1.002,1.014,1158680408
2021-03-25,1.007,1.017,1.005,1.005,547524492
2021-03-26,1.007,1.014,1.003,1.011,594792100
2021-03-29,1.01,1.02,1.006,1.008,508757185
2021-03-30,1.007,1.012,1.005,1.008,478320193
2021-03-31,1.005,1.006,0.992,0.992,702992496
2021-04-01,0.994,1.001,0.99,0.999,594256533
2021-04-02,1.002,1.008,0.998,1.003,610322964
2021-04-06,1.007,1.01,1.0,1.001,492591400
2021-04-07,0.999,1.004,0.994,0.998,552945388
2021-04-08,0.995,1.012,0.994,1.003,837048402
2021-04-09,1.0,1.001,0.991,0.992,656136400
2021-04-12,0.99,0.992,0.97,0.971,806363314
2021-04-13,0.97,0.974,0.963,0.969,612580222
2021-04-14,0.969,0.983,0.969,0.98,626526355
2021-04-15,0.978,0.978,0.968,0.972,509020613
2021-04-16,0.973,0.982,0.97,0.978,564730793
2021-04-19,0.976,1.005,0.973,1.004,1130732513
2021-04-20,1.001,1.009,0.993,0.994,643009954
2021-04-21,0.99,0.999,0.988,0.992,432095570
2021-04-22,0.996,1.004,0.993,0.995,542790529
2021-04-23,0.992,1.0,0.99,0.993,507266998
2021-04-26,0.994,1.004,0.975,0.977,846164739
2021-04-27,0.974,0.979,0.961,0.971,903061075
2021-04-28,0.968,0.978,0.966,0.974,496412200
2021-04-29,0.974,1.005,0.973,0.996,1437636546
2021-04-30,0.994,0.999,0.982,0.987,721792660
2021-05-06,0.995,1.0,0.978,0.979,625500227
2021-05-07,0.977,0.979,0.962,0.963,991180800
2021-05-10,0.962,0.963,0.948,0.956,714429568
2021-05-11,0.95,0.976,0.948,0.968,762256999
2021-05-12,0.963,0.969,0.96,0.967,547569666
2021-05-13,0.962,0.97,0.96,0.964,512502136
2021-05-14,0.967,1.04,0.966,1.033,3028045259
2021-05-17,1.02,1.03,1.01,1.018,1196989324
2021-05-18,1.016,1.035,1.013,1.02,924702659
2021-05-19,1.016,1.033,1.014,1.02,596867814
2021-05-20,1.018,1.045,1.018,1.033,1095011675
2021-05-21,1.033,1.034,1.012,1.013,851419128
2021-05-24,1.02,1.044,1.019,1.034,1155006906
2021-05-25,1.032,1.084,1.031,1.076,2313348726
2021-05-26,1.085,1.098,1.075,1.076,1187990046
2021-05-27,1.072,1.088,1.068,1.077,894218116
2021-05-28,1.075,1.112,1.073,1.093,1296287133
2021-05-31,1.093,1.097,1.082,1.094,629203736
2021-06-01,1.088,1.089,1.068,1.079,838165364
2021-06-02,1.078,1.085,1.055,1.058,737959446
2021-06-03,1.058,1.076,1.056,1.057,694873199
2021-06-04,1.052,1.098,1.05,1.065,1056753537
2021-06-07,1.066,1.083,1.06,1.069,624682141
2021-06-08,1.068,1.088,1.066,1.075,699947808
2021-06-09,1.076,1.079,1.058,1.062,741456726
2021-06-10,1.061,1.08,1.06,1.066,727356618
2021-06-11,1.067,1.071,1.047,1.048,770514346
2021-06-15,1.048,1.049,1.032,1.032,720118400
2021-06-16,1.03,1.038,1.019,1.025,753277293
2021-06-17,1.025,1.034,1.022,1.029,634310381
2021-06-18,1.028,1.044,1.024,1.039,695810820
2021-06-21,1.04,1.049,1.034,1.037,572733447
2021-06-22,1.041,1.044,1.03,1.034,581273654
2021-06-23,1.034,1.045,1.027,1.039,697080745
2021-06-24,1.04,1.054,1.038,1.042,745505987
2021-06-25,1.046,1.086,1.041,1.075,1575447002
2021-06-28,1.077,1.079,1.06,1.066,737110138
2021-06-29,1.064,1.067,1.049,1.05,768027389
2021-06-30,1.052,1.065,1.047,1.062,730535410
2021-07-01,1.077,1.082,1.03,1.032,1227152573
2021-07-02,1.028,1.028,1.003,1.003,1036313197
2021-07-05,1.003,1.008,0.995,1.004,592806452
2021-07-06,1.005,1.01,0.998,1.009,652427491
2021-07-07,1.002,1.016,0.999,1.012,626873146
2021-07-08,1.018,1.024,1.009,1.011,638549701
2021-07-09,1.008,1.018,1.004,1.014,585494637
2021-07-12,1.028,1.044,1.019,1.035,1167890246
2021-07-13,1.034,1.038,1.025,1.03,502543450
2021-07-14,1.03,1.032,1.018,1.02,621263035
2021-07-15,1.018,1.035,1.017,1.034,711669605
2021-07-16,1.039,1.048,1.031,1.035,913575557
2021-07-19,1.028,1.031,1.02,1.029,681963730
2021-07-20,1.022,1.034,1.021,1.027,468628120
2021-07-21,1.028,1.052,1.028,1.041,1085877433
2021-07-22,1.041,1.061,1.038,1.058,1122327678
2021-07-23,1.059,1.094,1.048,1.065,1573237015
2021-07-26,1.067,1.072,1.033,1.036,1223869278
2021-07-27,1.033,1.041,1.0,1.002,1243676544
2021-07-28,1.001,1.009,0.99,0.993,1020992732
2021-07-29,1.005,1.015,0.998,1.006,837778872
2021-07-30,1.0,1.001,0.983,0.985,922096026
2021-08-02,0.981,1.038,0.971,1.02,1502457851
2021-08-03,1.014,1.049,1.011,1.024,1135895565
2021-08-04,1.022,1.03,1.018,1.026,644028862
2021-08-05,1.021,1.03,1.006,1.008,790758551
2021-08-06,1.01,1.019,1.007,1.012,624432216
2021-08-09,1.009,1.043,1.007,1.034,1157437238
2021-08-10,1.031,1.05,1.024,1.049,977668677
2021-08-11,1.047,1.056,1.038,1.039,772855228
2021-08-12,1.037,1.044,1.031,1.032,511461043
2021-08-13,1.032,1.042,1.027,1.034,528840761
2021-08-16,1.037,1.058,1.036,1.043,945046999
2021-08-17,1.039,1.075,1.033,1.036,1472181800
2021-08-18,1.034,1.109,1.033,1.107,2980376815
2021-08-19,1.107,1.125,1.082,1.085,1659518685
2021-08-20,1.08,1.098,1.068,1.086,1089343976
2021-08-23,1.093,1.105,1.081,1.089,830362795
2021-08-24,1.089,1.124,1.081,1.111,1366460208
2021-08-25,1.102,1.109,1.09,1.095,1008490099
2021-08-26,1.093,1.101,1.078,1.08,884772816
2021-08-27,1.079,1.094,1.073,1.077,746902770
2021-08-30,1.083,1.085,1.054,1.059,1114405388
2021-08-31,1.055,1.092,1.049,1.083,1347646666
2021-09-01,1.078,1.148,1.073,1.122,2115033899
2021-09-02,1.12,1.146,1.116,1.14,1703823485
2021-09-03,1.185,1.193,1.128,1.128,1991809779
2021-09-06,1.129,1.174,1.129,1.164,1642487211
2021-09-07,1.156,1.197,1.144,1.195,1591798375
2021-09-08,1.189,1.223,1.184,1.189,1526990816
2021-09-09,1.176,1.185,1.165,1.18,983319364
2021-09-10,1.187,1.234,1.184,1.195,1583380842
2021-09-13,1.191,1.219,1.191,1.201,853308939
2021-09-14,1.199,1.203,1.16,1.166,1143381496
2021-09-15,1.161,1.175,1.15,1.162,889175516
2021-09-16,1.162,1.167,1.133,1.136,1043385409
2021-09-17,1.136,1.152,1.131,1.15,835790443
2021-09-22,1.132,1.149,1.131,1.14,741245644
2021-09-23,1.148,1.167,1.141,1.155,889979351
2021-09-24,1.154,1.163,1.138,1.14,814242418
2021-09-27,1.14,1.146,1.102,1.107,1195751801
2021-09-28,1.111,1.134,1.11,1.125,770229324
2021-09-29,1.115,1.119,1.095,1.111,1001961993
2021-09-30,1.113,1.115,1.101,1.109,654061970
2021-10-08,1.119,1.126,1.112,1.12,716283234
2021-10-11,1.121,1.128,1.111,1.112,625108045
2021-10-12,1.106,1.107,1.066,1.078,1326010030
2021-10-13,1.078,1.089,1.068,1.085,637385523
2021-10-14,1.081,1.086,1.073,1.082,605561116
2021-10-15,1.076,1.087,1.074,1.081,685694239
2021-10-18,1.082,1.086,1.075,1.082,503898277
2021-10-19,1.081,1.097,1.079,1.09,687868770
2021-10-20,1.089,1.094,1.084,1.084,549985980
2021-10-21,1.085,1.099,1.078,1.087,797852437
2021-10-22,1.088,1.097,1.082,1.089,664068229
2021-10-25,1.09,1.108,1.079,1.103,1047612192
2021-10-26,1.099,1.106,1.092,1.092,640564507
2021-10-27,1.086,1.089,1.062,1.064,1078339129
2021-10-28,1.059,1.068,1.052,1.056,715214975
2021-10-29,1.055,1.07,1.039,1.064,1027427205
2021-11-01,1.059,1.076,1.058,1.068,736101283
2021-11-02,1.066,1.071,1.038,1.046,963228736
2021-11-03,1.047,1.055,1.045,1.049,523742015
2021-11-04,1.055,1.062,1.048,1.05,556527365
2021-11-05,1.049,1.057,1.044,1.048,591347292
2021-11-08,1.047,1.064,1.044,1.059,651407239
2021-11-09,1.06,1.067,1.055,1.065,660887933
2021-11-10,1.062,1.067,1.053,1.062,675539861
2021-11-11,1.061,1.098,1.06,1.094,1485223036
2021-11-12,1.091,1.095,1.081,1.091,630880627
2021-11-15,1.091,1.095,1.08,1.084,615803445
2021-11-16,1.082,1.086,1.066,1.069,908404793
2021-11-17,1.067,1.073,1.065,1.068,536089900
2021-11-18,1.066,1.066,1.055,1.056,720058500
2021-11-19,1.054,1.083,1.053,1.075,976404150
2021-11-22,1.073,1.09,1.071,1.083,924923042
2021-11-23,1.08,1.099,1.079,1.085,982632802
2021-11-24,1.085,1.09,1.079,1.083,599058706
2021-11-25,1.082,1.085,1.077,1.079,518650400
2021-11-26,1.077,1.079,1.07,1.071,582654500
2021-11-29,1.065,1.066,1.057,1.061,798746000
2021-11-30,1.064,1.072,1.057,1.061,617356685
2021-12-01,1.059,1.077,1.058,1.076,724253866
2021-12-02,1.073,1.09,1.07,1.084,902963959
2021-12-03,1.086,1.093,1.076,1.09,794457924
2021-12-06,1.097,1.137,1.097,1.104,1996589412
2021-12-07,1.118,1.121,1.1,1.108,963341825
2021-12-08,1.11,1.123,1.101,1.123,916146770
2021-12-09,1.12,1.164,1.119,1.145,1666441850
2021-12-10,1.133,1.138,1.126,1.129,812730749
2021-12-13,1.148,1.167,1.131,1.134,1421628512
2021-12-14,1.128,1.14,1.126,1.128,810520216
2021-12-15,1.128,1.146,1.127,1.133,764661488
2021-12-16,1.137,1.144,1.131,1.144,651291188
2021-12-17,1.143,1.15,1.131,1.133,756882188
2021-12-20,1.128,1.136,1.11,1.114,751368707
2021-12-21,1.113,1.129,1.109,1.128,759167111
2021-12-22,1.126,1.127,1.116,1.118,461902381
2021-12-23,1.119,1.123,1.108,1.116,614871736
2021-12-24,1.117,1.125,1.108,1.11,561551100
2021-12-27,1.11,1.117,1.106,1.112,431383346
2021-12-28,1.114,1.12,1.109,1.119,619927684
2021-12-29,1.119,1.12,1.106,1.107,562664033
2021-12-30,1.106,1.129,1.103,1.124,862412526
2021-12-31,1.126,1.135,1.122,1.127,626302361
2022-01-04,1.127,1.129,1.113,1.123,597142623
2022-01-05,1.121,1.124,1.108,1.111,732229804
2022-01-06,1.105,1.108,1.088,1.089,918331235
2022-01-07,1.094,1.1,1.09,1.09,567050000
2022-01-10,1.092,1.098,1.089,1.091,525696570
2022-01-11,1.09,1.102,1.088,1.091,714375993
2022-01-12,1.094,1.097,1.086,1.095,774218193
2022-01-13,1.099,1.103,1.087,1.089,969167817
2022-01-14,1.078,1.078,1.058,1.06,1140812265
2022-01-17,1.057,1.073,1.057,1.069,630595680
2022-01-18,1.068,1.079,1.064,1.072,633628362
2022-01-19,1.072,1.085,1.071,1.076,625096691
2022-01-20,1.075,1.101,1.073,1.092,1063694632
2022-01-21,1.089,1.093,1.081,1.083,609199566
2022-01-24,1.079,1.086,1.075,1.076,503394205
2022-01-25,1.071,1.075,1.046,1.049,792145953
2022-01-26,1.05,1.068,1.047,1.065,775452076
2022-01-27,1.06,1.062,1.04,1.041,804478632
2022-01-28,1.047,1.06,1.03,1.031,751492045
2022-02-07,1.045,1.052,1.038,1.045,791811200
2022-02-08,1.045,1.061,1.038,1.061,727802426
2022-02-09,1.059,1.066,1.056,1.063,522040760
2022-02-10,1.062,1.065,1.056,1.064,461016002
2022-02-11,1.062,1.079,1.06,1.064,800348053
2022-02-14,1.056,1.056,1.011,1.017,1614660390
2022-02-15,1.014,1.018,1.01,1.017,644674290
2022-02-16,1.022,1.027,1.016,1.02,464418723
2022-02-17,1.017,1.021,1.01,1.012,593181822
2022-02-18,1.007,1.016,1.005,1.014,535727331
2022-02-21,1.014,1.016,1.007,1.013,545091532
2022-02-22,1.006,1.007,0.991,0.993,888242728
2022-02-23,0.996,1.006,0.993,1.005,696766732
2022-02-24,1.0,1.004,0.968,0.978,1004401657
2022-02-25,0.986,0.992,0.976,0.979,621140823
2022-02-28,0.978,0.981,0.967,0.976,526420900
2022-03-01,0.979,0.987,0.977,0.986,639195559
2022-03-02,0.98,0.983,0.978,0.98,440903923
2022-03-03,0.984,0.988,0.978,0.981,463737123
2022-03-04,0.976,0.976,0.964,0.969,653119700
2022-03-07,0.963,0.964,0.941,0.943,786325700
2022-03-08,0.942,0.95,0.923,0.924,797625234
2022-03-09,0.929,0.93,0.865,0.901,1076058740
2022-03-10,0.917,0.919,0.896,0.897,808847762
2022-03-11,0.881,0.922,0.87,0.916,1099914901
2022-03-14,0.9,0.919,0.898,0.902,644329758
2022-03-15,0.895,0.913,0.869,0.871,905363489
2022-03-16,0.881,0.93,0.867,0.925,1467673697
2022-03-17,0.936,0.944,0.918,0.921,1143771806
2022-03-18,0.918,0.934,0.915,0.93,880060719
2022-03-21,0.925,0.926,0.911,0.916,653135427
2022-03-22,0.912,0.926,0.91,0.917,612555043
2022-03-23,0.918,0.92,0.914,0.916,420713628
2022-03-24,0.911,0.914,0.904,0.906,488045921
2022-03-25,0.906,0.915,0.896,0.897,633904481
2022-03-28,0.888,0.905,0.885,0.897,572963481
2022-03-29,0.9,0.903,0.888,0.889,493573067
2022-03-30,0.895,0.926,0.895,0.924,1142227166
2022-03-31,0.918,0.924,0.915,0.917,485509947
2022-04-01,0.911,0.933,0.911,0.929,762245747
2022-04-06,0.923,0.932,0.922,0.929,509141927
2022-04-07,0.927,0.936,0.912,0.913,610041727
2022-04-08,0.913,0.93,0.905,0.925,689337278
2022-04-11,0.921,0.921,0.895,0.898,730669600
2022-04-12,0.896,0.935,0.893,0.925,924997310
2022-04-13,0.918,0.932,0.914,0.918,660565447
2022-04-14,0.925,0.938,0.92,0.931,1029324172
2022-04-15,0.925,0.939,0.919,0.925,693068599
2022-04-18,0.912,0.913,0.894,0.902,857610204
2022-04-19,0.9,0.904,0.891,0.895,637618996
2022-04-20,0.895,0.897,0.876,0.88,826246029
2022-04-21,0.875,0.894,0.872,0.877,751499456
2022-04-22,0.873,0.885,0.87,0.879,629925337
2022-04-25,0.861,0.881,0.849,0.853,958057380
2022-04-26,0.851,0.852,0.808,0.811,1093740354
2022-04-27,0.795,0.829,0.794,0.823,896186587
2022-04-28,0.815,0.819,0.798,0.806,825272691
2022-04-29,0.825,0.855,0.814,0.843,1522673676
2022-05-05,0.83,0.837,0.826,0.83,568686766
2022-05-06,0.818,0.821,0.806,0.808,853633499
2022-05-09,0.805,0.815,0.803,0.809,412184403
2022-05-10,0.802,0.827,0.8,0.821,713480382
2022-05-11,0.821,0.846,0.819,0.826,1054955677
2022-05-12,0.822,0.841,0.821,0.827,646318105
2022-05-13,0.831,0.838,0.826,0.833,631593906
2022-05-16,0.841,0.842,0.824,0.824,493810697
2022-05-17,0.826,0.834,0.82,0.83,495395416
2022-05-18,0.833,0.839,0.828,0.832,610231335
2022-05-19,0.822,0.832,0.82,0.83,478851949
2022-05-20,0.834,0.847,0.833,0.846,879606568
2022-05-23,0.844,0.851,0.838,0.848,500110850
2022-05-24,0.847,0.852,0.824,0.825,620198060
2022-05-25,0.823,0.83,0.823,0.828,480040100
2022-05-26,0.829,0.85,0.822,0.842,779549170
2022-05-27,0.845,0.85,0.835,0.839,741750973
2022-05-30,0.842,0.843,0.832,0.837,481708507
2022-05-31,0.836,0.848,0.833,0.847,737288720
2022-06-01,0.846,0.849,0.838,0.844,592905135
2022-06-02,0.84,0.852,0.836,0.848,616629753
2022-06-06,0.847,0.869,0.844,0.868,970676732
2022-06-07,0.865,0.884,0.864,0.868,864379378
2022-06-08,0.869,0.887,0.867,0.882,1110221794
2022-06-09,0.886,0.906,0.879,0.883,1351566997
2022-06-10,0.877,0.909,0.874,0.905,1151320545
2022-06-13,0.893,0.906,0.886,0.894,780189512
2022-06-14,0.883,0.945,0.874,0.942,1540280979
2022-06-15,0.947,1.008,0.947,0.971,2796436078
2022-06-16,0.969,0.969,0.929,0.931,1804414654
2022-06-17,0.92,0.942,0.906,0.927,1334468294
2022-06-20,0.924,0.938,0.918,0.922,868847613
2022-06-21,0.922,0.928,0.911,0.918,870973705
2022-06-22,0.92,0.927,0.903,0.904,959286927
2022-06-23,0.902,0.943,0.902,0.937,1214293841
2022-06-24,0.941,0.945,0.928,0.937,882449835
2022-06-27,0.943,0.95,0.936,0.938,1068317200
2022-06-28,0.937,0.954,0.926,0.947,857071444
2022-06-29,0.942,0.953,0.924,0.926,1008104907
2022-06-30,0.929,0.945,0.928,0.934,738695550
2022-07-01,0.935,0.937,0.92,0.924,681106906
2022-07-04,0.923,0.928,0.911,0.926,655791612
2022-07-05,0.929,0.933,0.909,0.915,971543188
2022-07-06,0.914,0.916,0.902,0.906,893873443
2022-07-07,0.904,0.912,0.902,0.903,682824397
2022-07-08,0.907,0.911,0.894,0.895,868553636
2022-07-11,0.894,0.894,0.885,0.886,648441430
2022-07-12,0.889,0.901,0.884,0.89,752361982
2022-07-13,0.889,0.895,0.884,0.888,581428896
2022-07-14,0.885,0.89,0.88,0.882,580661741
2022-07-15,0.879,0.882,0.857,0.859,899428734
2022-07-18,0.862,0.881,0.862,0.877,723558539
2022-07-19,0.877,0.887,0.873,0.884,570252300
2022-07-20,0.887,0.889,0.881,0.883,470412529
2022-07-21,0.882,0.885,0.876,0.876,471646016
2022-07-22,0.879,0.887,0.87,0.876,598936065
2022-07-25,0.876,0.877,0.866,0.867,457309639
2022-07-26,0.868,0.877,0.866,0.871,408273016
2022-07-27,0.869,0.874,0.866,0.87,381655192
2022-07-28,0.875,0.886,0.873,0.877,697714900
2022-07-29,0.878,0.883,0.867,0.869,509853814
2022-08-01,0.866,0.868,0.856,0.86,627437424
2022-08-02,0.852,0.852,0.825,0.835,920803278
2022-08-03,0.835,0.844,0.829,0.831,556620304
2022-08-04,0.836,0.84,0.831,0.836,508496014
2022-08-05,0.838,0.858,0.835,0.857,842817833
2022-08-08,0.853,0.86,0.851,0.858,416548880
2022-08-09,0.856,0.862,0.853,0.855,374394631
2022-08-10,0.853,0.863,0.849,0.852,471497500
2022-08-11,0.858,0.898,0.856,0.898,1538695794
2022-08-12,0.891,0.902,0.888,0.894,674294645
2022-08-15,0.889,0.898,0.886,0.888,497850447
2022-08-16,0.89,0.895,0.886,0.888,423205500
2022-08-17,0.89,0.908,0.884,0.903,902092782
2022-08-18,0.9,0.904,0.895,0.897,519281000
2022-08-19,0.896,0.904,0.891,0.892,460648400
2022-08-22,0.89,0.895,0.887,0.89,541484500
2022-08-23,0.889,0.905,0.884,0.893,655380200
2022-08-24,0.891,0.911,0.88,0.881,808638846
2022-08-25,0.882,0.9,0.881,0.896,688918267
2022-08-26,0.896,0.898,0.886,0.889,541503690
2022-08-29,0.879,0.885,0.876,0.884,528041867
2022-08-30,0.883,0.891,0.874,0.883,695289339
2022-08-31,0.88,0.899,0.879,0.887,780610222
2022-09-01,0.886,0.89,0.877,0.879,547358127
2022-09-02,0.878,0.885,0.871,0.875,490459500
2022-09-05,0.874,0.882,0.871,0.881,488533314
2022-09-06,0.885,0.893,0.883,0.891,578044208
2022-09-07,0.888,0.889,0.884,0.886,484996836
2022-09-08,0.888,0.892,0.882,0.883,431395899
2022-09-09,0.884,0.903,0.883,0.899,807047715
2022-09-13,0.901,0.909,0.896,0.896,590051632
2022-09-14,0.887,0.891,0.882,0.886,745239959
2022-09-15,0.889,0.895,0.878,0.883,650259200
2022-09-16,0.88,0.881,0.83,0.834,1493300081
2022-09-19,0.83,0.832,0.82,0.823,598102781
2022-09-20,0.826,0.83,0.821,0.823,403963500
2022-09-21,0.82,0.827,0.811,0.824,514763251
2022-09-22,0.817,0.826,0.815,0.821,440659987
2022-09-23,0.82,0.828,0.815,0.821,547797416
2022-09-26,0.815,0.818,0.802,0.804,614456501
2022-09-27,0.805,0.811,0.801,0.811,484337611
2022-09-28,0.807,0.808,0.795,0.796,546369923
2022-09-29,0.801,0.803,0.781,0.786,637208600
2022-09-30,0.785,0.792,0.781,0.783,492095530
2022-10-10,0.783,0.788,0.774,0.775,451514095
2022-10-11,0.777,0.791,0.773,0.782,470722499
2022-10-12,0.782,0.8,0.778,0.799,577598834
2022-10-13,0.794,0.801,0.793,0.796,396714122
2022-10-14,0.803,0.814,0.801,0.809,593330058
2022-10-17,0.805,0.814,0.803,0.812,421801294
2022-10-18,0.816,0.818,0.808,0.81,452182662
2022-10-19,0.809,0.812,0.8,0.802,400623688
2022-10-20,0.798,0.817,0.798,0.805,503410978
2022-10-21,0.823,0.827,0.806,0.808,683232073
2022-10-24,0.81,0.826,0.789,0.792,795234591
2022-10-25,0.79,0.793,0.77,0.778,715543919
2022-10-26,0.779,0.793,0.777,0.784,622754532
2022-10-27,0.785,0.796,0.782,0.787,531950912
2022-10-28,0.782,0.79,0.767,0.77,699209264
2022-10-31,0.766,0.78,0.763,0.77,585932246
2022-11-01,0.772,0.794,0.771,0.793,770508785
2022-11-02,0.789,0.801,0.788,0.795,668166754
2022-11-03,0.791,0.794,0.788,0.791,409659372
2022-11-04,0.791,0.82,0.791,0.816,1164197581
2022-11-07,0.809,0.819,0.807,0.815,619850649
2022-11-08,0.814,0.817,0.806,0.81,460291600
2022-11-09,0.81,0.814,0.806,0.807,358430800
2022-11-10,0.803,0.816,0.801,0.812,580134640
2022-11-11,0.834,0.846,0.821,0.833,1360941253
2022-11-14,0.836,0.856,0.835,0.838,1108363674
2022-11-15,0.835,0.88,0.834,0.869,1443531916
2022-11-16,0.865,0.869,0.853,0.855,581246018
2022-11-17,0.852,0.86,0.849,0.859,672115919
2022-11-18,0.858,0.86,0.846,0.848,687716950
2022-11-21,0.842,0.842,0.827,0.832,615032300
2022-11-22,0.831,0.843,0.828,0.834,538789586
2022-11-23,0.833,0.842,0.83,0.834,477667272
2022-11-24,0.842,0.845,0.83,0.831,447535100
2022-11-25,0.829,0.845,0.829,0.839,554231898
2022-11-28,0.826,0.828,0.813,0.827,653095212
2022-11-29,0.828,0.863,0.827,0.858,1413930801
2022-11-30,0.853,0.868,0.853,0.855,684664466
2022-12-01,0.871,0.888,0.86,0.862,1205926481
2022-12-02,0.859,0.867,0.853,0.857,441159770
2022-12-05,0.867,0.887,0.865,0.885,1058478240
2022-12-06,0.879,0.895,0.879,0.881,778810131
2022-12-07,0.88,0.887,0.869,0.876,763983529
2022-12-08,0.875,0.877,0.869,0.875,419885053
2022-12-09,0.875,0.884,0.867,0.879,776457997
2022-12-12,0.874,0.874,0.858,0.859,760855390
2022-12-13,0.859,0.865,0.857,0.859,318902900
2022-12-14,0.862,0.87,0.857,0.865,518999603
2022-12-15,0.863,0.867,0.857,0.859,421357000
2022-12-16,0.854,0.862,0.853,0.856,428231649
2022-12-19,0.858,0.863,0.829,0.833,633388428
2022-12-20,0.831,0.836,0.824,0.829,504083100
2022-12-21,0.83,0.834,0.824,0.828,333202666
2022-12-22,0.833,0.839,0.823,0.827,438863066
2022-12-23,0.821,0.833,0.821,0.826,508386500
2022-12-26,0.827,0.829,0.82,0.825,420298300
2022-12-27,0.831,0.839,0.827,0.836,574615700
2022-12-28,0.832,0.837,0.829,0.832,343031700
2022-12-29,0.829,0.832,0.822,0.828,630303857
2022-12-30,0.831,0.836,0.83,0.832,431337536
2023-01-03,0.825,0.83,0.808,0.829,734421619
2023-01-04,0.826,0.835,0.826,0.83,558285498
2023-01-05,0.835,0.85,0.835,0.846,918309086
2023-01-06,0.844,0.855,0.843,0.846,1287628181
2023-01-09,0.851,0.87,0.851,0.862,852260450
2023-01-10,0.863,0.874,0.858,0.859,573484512
2023-01-11,0.861,0.864,0.853,0.855,437549334
2023-01-12,0.857,0.863,0.851,0.862,594501863
2023-01-13,0.865,0.88,0.86,0.879,723073258
2023-01-16,0.883,0.927,0.88,0.909,1803388641
2023-01-17,0.904,0.919,0.902,0.918,762116735
2023-01-18,0.916,0.924,0.912,0.914,598818185
2023-01-19,0.912,0.935,0.911,0.934,806108006
2023-01-20,0.936,0.937,0.92,0.929,864493017
2023-01-30,0.944,0.947,0.92,0.921,1072845990
2023-01-31,0.92,0.927,0.908,0.918,939939320
2023-02-01,0.917,0.94,0.914,0.939,1054701367
2023-02-02,0.955,0.957,0.92,0.921,1350305400
2023-02-03,0.915,0.921,0.904,0.914,993526483
2023-02-06,0.905,0.907,0.895,0.896,670137100
2023-02-07,0.9,0.904,0.895,0.9,446772355
2023-02-08,0.901,0.902,0.89,0.891,525642900
2023-02-09,0.889,0.906,0.889,0.906,593502123
2023-02-10,0.902,0.904,0.894,0.898,521226200
2023-02-13,0.894,0.903,0.892,0.903,490578031
2023-02-14,0.906,0.907,0.895,0.9,440912210
2023-02-15,0.9,0.901,0.892,0.892,431634900
2023-02-16,0.892,0.91,0.88,0.888,1058958852
2023-02-17,0.884,0.889,0.871,0.872,730452893
2023-02-20,0.88,0.907,0.878,0.906,1162160773
2023-02-21,0.903,0.911,0.9,0.908,701414928
2023-02-22,0.904,0.912,0.898,0.899,622729757
2023-02-23,0.9,0.917,0.9,0.906,698364662
2023-02-24,0.907,0.908,0.89,0.893,562883722
2023-02-27,0.884,0.888,0.879,0.881,576772234
2023-02-28,0.885,0.89,0.88,0.889,494128760
2023-03-01,0.888,0.904,0.886,0.9,685772409
2023-03-02,0.899,0.902,0.896,0.899,430753629
2023-03-03,0.901,0.907,0.895,0.905,684015860
2023-03-06,0.907,0.907,0.891,0.891,624307669
2023-03-07,0.89,0.899,0.873,0.876,894094986
2023-03-08,0.872,0.875,0.87,0.874,454738638
2023-03-09,0.875,0.876,0.868,0.871,393054572
2023-03-10,0.865,0.869,0.858,0.86,649078877
2023-03-13,0.859,0.865,0.856,0.863,446529281
2023-03-14,0.861,0.861,0.846,0.855,620820169
2023-03-15,0.86,0.865,0.859,0.86,462389403
2023-03-16,0.855,0.86,0.851,0.853,388039900
2023-03-17,0.86,0.875,0.859,0.868,741665462
2023-03-20,0.868,0.873,0.857,0.859,481236300
2023-03-21,0.862,0.867,0.859,0.866,507040500
2023-03-22,0.867,0.87,0.855,0.86,723051500
2023-03-23,0.855,0.87,0.854,0.869,658130385
2023-03-24,0.871,0.877,0.868,0.873,564372910
2023-03-27,0.871,0.881,0.868,0.876,574683300
2023-03-28,0.875,0.877,0.867,0.868,490433148
2023-03-29,0.87,0.871,0.859,0.865,527468400
2023-03-30,0.863,0.871,0.853,0.868,714461400
2023-03-31,0.867,0.871,0.865,0.867,497838213
2023-04-03,0.867,0.904,0.866,0.902,1843065627
2023-04-04,0.903,0.911,0.901,0.906,885394749
2023-04-06,0.902,0.905,0.896,0.899,542844282
2023-04-07,0.901,0.913,0.897,0.91,812838488
2023-04-10,0.92,0.922,0.9,0.901,812154515
2023-04-11,0.906,0.924,0.905,0.91,892220067
2023-04-12,0.911,0.919,0.905,0.913,578902837
2023-04-13,0.907,0.908,0.898,0.902,579950400
2023-04-14,0.903,0.906,0.895,0.9,639257622
2023-04-17,0.902,0.928,0.901,0.926,1261287319
2023-04-18,0.924,0.934,0.918,0.923,911539903
2023-04-19,0.92,0.92,0.907,0.909,650188729
2023-04-20,0.907,0.913,0.901,0.912,559620203
2023-04-21,0.911,0.911,0.875,0.877,1060190198
2023-04-24,0.874,0.878,0.857,0.862,805206740
2023-04-25,0.864,0.872,0.857,0.866,682558714
2023-04-26,0.862,0.867,0.859,0.864,485946822
2023-04-27,0.862,0.873,0.859,0.871,743188978
2023-04-28,0.874,0.896,0.869,0.888,891616501
2023-05-04,0.883,0.901,0.879,0.899,778812692
2023-05-05,0.9,0.931,0.899,0.912,1449140712
2023-05-08,0.913,0.942,0.904,0.932,1923941446
2023-05-09,0.936,0.984,0.932,0.941,2608514758
2023-05-10,0.932,0.94,0.912,0.915,880760085
2023-05-11,0.917,0.926,0.913,0.914,776075502
2023-05-12,0.912,0.918,0.901,0.902,574656504
2023-05-15,0.902,0.918,0.883,0.915,1076322796
2023-05-16,0.913,0.925,0.906,0.908,592766402
2023-05-17,0.906,0.913,0.901,0.904,483431600
2023-05-18,0.907,0.912,0.899,0.902,486100333
2023-05-19,0.9,0.901,0.887,0.889,1055551521
2023-05-22,0.888,0.892,0.884,0.887,457053644
2023-05-23,0.888,0.889,0.874,0.874,624969500
2023-05-24,0.872,0.873,0.861,0.862,779761200
2023-05-25,0.859,0.864,0.852,0.863,703469939
2023-05-26,0.861,0.867,0.857,0.865,572880879
2023-05-29,0.866,0.867,0.856,0.857,772962806
2023-05-30,0.857,0.861,0.848,0.86,631396461
2023-05-31,0.858,0.859,0.851,0.854,526907800
2023-06-01,0.854,0.864,0.851,0.856,594412459
2023-06-02,0.859,0.863,0.857,0.862,524287559
2023-06-05,0.862,0.863,0.855,0.857,432041633
2023-06-06,0.856,0.862,0.843,0.844,623164680
2023-06-07,0.845,0.854,0.844,0.847,419628694
2023-06-08,0.847,0.86,0.842,0.857,744140975
2023-06-09,0.857,0.857,0.851,0.854,437920865
2023-06-12,0.852,0.853,0.844,0.847,506122600
2023-06-13,0.845,0.851,0.844,0.851,392553592
2023-06-14,0.852,0.862,0.85,0.852,584436345
2023-06-15,0.853,0.865,0.852,0.864,760364148
2023-06-16,0.865,0.87,0.86,0.869,700683824
2023-06-19,0.866,0.867,0.86,0.861,511554700
2023-06-20,0.861,0.864,0.856,0.858,498460353
2023-06-21,0.856,0.859,0.842,0.843,636552472
2023-06-26,0.837,0.837,0.822,0.823,789862200
2023-06-27,0.824,0.832,0.823,0.83,393790586
2023-06-28,0.83,0.832,0.823,0.831,370745700
2023-06-29,0.829,0.833,0.826,0.828,362429100
2023-06-30,0.828,0.845,0.827,0.842,603692850
2023-07-03,0.842,0.858,0.842,0.855,685568739
2023-07-04,0.853,0.858,0.85,0.853,325502892
2023-07-05,0.854,0.855,0.848,0.849,283453300
2023-07-06,0.848,0.853,0.844,0.847,323566072
2023-07-07,0.845,0.857,0.843,0.852,419734055
2023-07-10,0.857,0.859,0.851,0.852,351974325
2023-07-11,0.855,0.858,0.852,0.858,391234300
2023-07-12,0.858,0.861,0.848,0.849,444476680
2023-07-13,0.854,0.867,0.853,0.865,738309617
2023-07-14,0.866,0.867,0.862,0.863,311875450
2023-07-17,0.862,0.863,0.855,0.858,307143700
2023-07-18,0.86,0.865,0.857,0.86,346336894
2023-07-19,0.859,0.867,0.859,0.866,408789647
2023-07-20,0.868,0.87,0.859,0.859,428165400
2023-07-21,0.86,0.867,0.858,0.862,482105100
2023-07-24,0.858,0.866,0.856,0.861,418349172
2023-07-25,0.888,0.911,0.883,0.908,2089349056
2023-07-26,0.902,0.909,0.896,0.904,954367911
2023-07-27,0.904,0.91,0.896,0.897,720970380
2023-07-28,0.895,0.974,0.894,0.973,2666961918
2023-07-31,0.982,1.004,0.972,0.974,2460985265
2023-08-01,0.96,0.989,0.959,0.965,1433723325
2023-08-02,0.962,0.995,0.962,0.973,1405704321
2023-08-03,0.984,1.015,0.967,1.011,1697250816
2023-08-04,1.035,1.066,1.016,1.022,3176653926
2023-08-07,1.0,1.022,0.996,1.02,1281768034
2023-08-08,1.012,1.035,0.984,1.012,1514883410
2023-08-09,1.004,1.022,1.003,1.009,833125502
2023-08-10,1.008,1.031,1.007,1.03,1077461684
2023-08-11,1.022,1.023,0.984,0.985,1587522752
2023-08-14,0.964,0.99,0.96,0.975,1133187281
2023-08-15,0.969,0.993,0.969,0.992,937404616
2023-08-16,0.981,1.019,0.969,0.995,1407073961
2023-08-17,0.985,1.001,0.976,0.995,1007020250
2023-08-18,0.995,1.009,0.976,0.977,856068684
2023-08-21,0.969,0.976,0.943,0.944,1212163446
2023-08-22,0.949,0.969,0.942,0.959,979797204
2023-08-23,0.952,0.955,0.935,0.938,776562614
2023-08-24,0.941,0.966,0.941,0.95,824461971
2023-08-25,0.947,0.965,0.945,0.957,737458841
2023-08-28,1.053,1.053,0.976,0.981,2762122507
2023-08-29,0.967,0.983,0.946,0.975,1808354930
2023-08-30,0.967,0.967,0.943,0.946,1180349021
2023-08-31,0.944,0.951,0.926,0.927,1096205931
2023-09-01,0.933,0.938,0.926,0.928,603615947
2023-09-04,0.932,0.94,0.924,0.936,785982791
2023-09-05,0.934,0.934,0.924,0.926,563731309
2023-09-06,0.922,0.926,0.917,0.924,544759400
2023-09-07,0.922,0.929,0.915,0.919,696616982
2023-09-08,0.916,0.928,0.911,0.923,708299793
2023-09-11,0.925,0.944,0.917,0.938,982594124
2023-09-12,0.933,0.935,0.926,0.927,474141400
2023-09-13,0.926,0.928,0.914,0.917,528835152
2023-09-14,0.918,0.924,0.916,0.922,493397782
2023-09-15,0.924,0.926,0.912,0.917,566968481
2023-09-18,0.911,0.918,0.906,0.915,414139730
2023-09-19,0.916,0.921,0.912,0.916,392014998
2023-09-20,0.914,0.918,0.91,0.913,378030619
2023-09-21,0.91,0.918,0.905,0.906,512410445
2023-09-22,0.904,0.934,0.903,0.933,996882596
2023-09-25,0.927,0.928,0.91,0.912,699993018
2023-09-26,0.91,0.916,0.909,0.912,318626005
2023-09-27,0.911,0.916,0.91,0.913,514292057
2023-09-28,0.914,0.916,0.905,0.908,528809030
2023-10-09,0.902,0.904,0.885,0.896,594203571
2023-10-10,0.899,0.903,0.892,0.893,408131993
2023-10-11,0.897,0.901,0.888,0.89,499313700
2023-10-12,0.904,0.907,0.898,0.902,500844438
2023-10-13,0.895,0.896,0.891,0.892,365044926
2023-10-16,0.892,0.896,0.885,0.89,619235332
2023-10-17,0.892,0.91,0.887,0.903,596311842
2023-10-18,0.898,0.907,0.897,0.902,483735400
2023-10-19,0.896,0.911,0.895,0.897,616589200
2023-10-20,0.891,0.904,0.89,0.899,501957194
2023-10-23,0.894,0.894,0.872,0.877,782179800
2023-10-24,0.88,0.908,0.879,0.905,831469310
2023-10-25,0.912,0.915,0.902,0.905,778158516
2023-10-26,0.902,0.905,0.894,0.903,558857581
2023-10-27,0.899,0.91,0.894,0.908,710267363
2023-10-30,0.902,0.905,0.895,0.903,819415200
2023-10-31,0.903,0.909,0.9,0.903,564174198
2023-11-01,0.909,0.911,0.902,0.903,456896017
2023-11-02,0.903,0.909,0.895,0.897,482508700
2023-11-03,0.898,0.909,0.895,0.906,539071100
2023-11-06,0.93,0.946,0.923,0.942,1406601818
2023-11-07,0.938,0.95,0.935,0.946,823330122
2023-11-08,0.944,0.949,0.93,0.938,801208629
2023-11-09,0.934,0.938,0.929,0.934,561448700
2023-11-10,0.93,0.939,0.929,0.934,617166947
2023-11-13,0.934,0.934,0.925,0.929,419817329
2023-11-14,0.929,0.954,0.929,0.94,926583797
2023-11-15,0.95,0.956,0.94,0.942,756756437
2023-11-16,0.94,0.946,0.933,0.933,551762318
2023-11-17,0.932,0.938,0.931,0.937,497569300
2023-11-20,0.937,0.937,0.924,0.933,709724209
2023-11-21,0.935,0.949,0.93,0.933,700794129
2023-11-22,0.928,0.933,0.922,0.923,489209720
2023-11-23,0.923,0.926,0.917,0.926,505695200
2023-11-24,0.924,0.925,0.915,0.919,430350676
2023-11-27,0.912,0.913,0.901,0.906,593714614
2023-11-28,0.906,0.909,0.9,0.905,527100100
2023-11-29,0.905,0.906,0.894,0.897,463592800
2023-11-30,0.896,0.903,0.894,0.898,421134000
2023-12-01,0.899,0.906,0.896,0.905,503211350
2023-12-04,0.905,0.909,0.902,0.904,461310487
2023-12-05,0.901,0.904,0.89,0.891,589232400
2023-12-06,0.889,0.894,0.886,0.887,446251647
2023-12-07,0.886,0.894,0.883,0.892,532376700
2023-12-08,0.892,0.895,0.885,0.886,494792500
2023-12-11,0.882,0.903,0.873,0.901,705763703
2023-12-12,0.897,0.902,0.895,0.897,447263100
2023-12-13,0.896,0.897,0.887,0.887,383035546
2023-12-14,0.892,0.894,0.883,0.885,360059925
2023-12-15,0.886,0.894,0.882,0.884,502643300
2023-12-18,0.884,0.891,0.877,0.88,477434500
2023-12-19,0.88,0.884,0.872,0.88,505538266
2023-12-20,0.879,0.879,0.854,0.855,899546433
2023-12-21,0.851,0.859,0.848,0.854,643762106
2023-12-22,0.854,0.86,0.848,0.855,596360499
2023-12-25,0.85,0.853,0.845,0.847,582370166
2023-12-26,0.847,0.848,0.836,0.838,549307958
2023-12-27,0.838,0.851,0.83,0.844,695784268
2023-12-28,0.841,0.868,0.84,0.863,755409411
2023-12-29,0.862,0.868,0.86,0.864,563519583
2024-01-02,0.864,0.865,0.853,0.854,559372225
2024-01-03,0.853,0.859,0.851,0.855,414234900
2024-01-04,0.853,0.855,0.841,0.847,602676239
2024-01-05,0.845,0.855,0.836,0.84,474622908
2024-01-08,0.837,0.84,0.824,0.825,554833500
2024-01-09,0.826,0.831,0.817,0.823,468489842
2024-01-10,0.821,0.827,0.814,0.818,464878200
2024-01-11,0.817,0.829,0.815,0.826,504897500
2024-01-12,0.824,0.83,0.818,0.818,447602566
2024-01-15,0.813,0.826,0.811,0.817,454912643
2024-01-16,0.815,0.826,0.811,0.826,661669281
2024-01-17,0.823,0.824,0.811,0.811,581475591
2024-01-18,0.805,0.821,0.793,0.818,994363790
2024-01-19,0.812,0.817,0.809,0.812,532336440
2024-01-22,0.811,0.816,0.786,0.795,697284845
2024-01-23,0.791,0.818,0.786,0.81,786056100
2024-01-24,0.814,0.852,0.801,0.848,1236234781
2024-01-25,0.838,0.862,0.835,0.854,1214274100
2024-01-26,0.847,0.863,0.845,0.854,1046443366
2024-01-29,0.853,0.856,0.839,0.839,563696039
2024-01-30,0.833,0.844,0.827,0.828,552311366
2024-01-31,0.824,0.833,0.815,0.82,732007200
2024-02-01,0.814,0.831,0.809,0.817,685710800
2024-02-02,0.816,0.819,0.776,0.799,948822504
2024-02-05,0.789,0.803,0.767,0.781,821632946
2024-02-06,0.775,0.832,0.773,0.826,1020671344
2024-02-07,0.825,0.841,0.822,0.838,761028532
2024-02-08,0.847,0.858,0.838,0.846,715016423
2024-02-19,0.843,0.843,0.824,0.835,656456436
2024-02-20,0.831,0.852,0.828,0.846,637272733
2024-02-21,0.84,0.874,0.836,0.854,940548130
2024-02-22,0.849,0.867,0.847,0.863,615092684
2024-02-23,0.863,0.869,0.857,0.865,668778648
2024-02-26,0.863,0.866,0.856,0.857,449024852
2024-02-27,0.856,0.873,0.855,0.873,608545817
2024-02-28,0.877,0.894,0.858,0.859,1133750067
2024-02-29,0.855,0.877,0.853,0.876,682438724
2024-03-01,0.875,0.886,0.869,0.881,725026704
2024-03-04,0.877,0.879,0.866,0.87,502874890
2024-03-05,0.866,0.87,0.86,0.864,465073359
2024-03-06,0.863,0.875,0.858,0.863,642550608
2024-03-07,0.863,0.869,0.851,0.854,592942212
2024-03-08,0.854,0.857,0.85,0.856,386456209
2024-03-11,0.856,0.868,0.855,0.867,496876545
2024-03-12,0.87,0.876,0.865,0.873,602708285
2024-03-13,0.872,0.872,0.859,0.861,584708407
2024-03-14,0.859,0.865,0.849,0.854,555627855
2024-03-15,0.851,0.86,0.848,0.858,484871932
2024-03-18,0.862,0.884,0.861,0.878,979210773
2024-03-19,0.877,0.877,0.861,0.862,553340376
2024-03-20,0.862,0.868,0.858,0.865,447403388
2024-03-21,0.867,0.877,0.865,0.869,561802267
2024-03-22,0.867,0.868,0.852,0.854,676854729
2024-03-25,0.845,0.845,0.826,0.829,728319087
2024-03-26,0.828,0.833,0.824,0.831,449396396
2024-03-27,0.828,0.829,0.815,0.816,503294000
2024-03-28,0.817,0.827,0.814,0.818,495881067
2024-03-29,0.816,0.822,0.811,0.822,503065041
2024-04-01,0.83,0.834,0.828,0.833,602745875
2024-04-02,0.832,0.837,0.825,0.827,391258100
2024-04-03,0.827,0.83,0.82,0.822,384487033
2024-04-08,0.815,0.817,0.806,0.808,483320400
2024-04-09,0.808,0.812,0.806,0.809,343242590
2024-04-10,0.809,0.809,0.79,0.794,604173000
2024-04-11,0.79,0.799,0.789,0.791,452024400
2024-04-12,0.792,0.793,0.775,0.778,593291900
2024-04-15,0.773,0.798,0.766,0.791,770777104
2024-04-16,0.785,0.791,0.774,0.777,517123461
2024-04-17,0.778,0.792,0.773,0.792,586228030
2024-04-18,0.79,0.809,0.787,0.798,711509782
2024-04-19,0.794,0.8,0.791,0.792,454427431
2024-04-22,0.79,0.802,0.79,0.794,434032600
2024-04-23,0.795,0.797,0.79,0.792,476993198
2024-04-24,0.794,0.796,0.788,0.793,420768198
2024-04-25,0.792,0.797,0.787,0.792,366493398
2024-04-26,0.812,0.844,0.803,0.843,1678348800
2024-04-29,0.842,0.859,0.84,0.853,1092115339
2024-04-30,0.847,0.851,0.835,0.837,801241920
2024-05-06,0.847,0.854,0.838,0.843,749073900
2024-05-07,0.84,0.843,0.835,0.838,639007800
2024-05-08,0.836,0.837,0.825,0.826,572003800
2024-05-09,0.827,0.838,0.827,0.833,532033800
2024-05-10,0.835,0.842,0.831,0.84,577639700
2024-05-13,0.836,0.848,0.828,0.841,639651600
2024-05-14,0.839,0.847,0.834,0.846,640707300
2024-05-15,0.851,0.853,0.824,0.825,798091929
2024-05-16,0.825,0.833,0.821,0.823,543843400
2024-05-17,0.822,0.836,0.82,0.835,624544897
2024-05-20,0.834,0.846,0.832,0.836,692037900
2024-05-21,0.833,0.837,0.828,0.83,439748355
2024-05-22,0.829,0.836,0.828,0.834,419400100
2024-05-23,0.831,0.831,0.816,0.816,786489372
2024-05-24,0.815,0.818,0.805,0.806,519757863
2024-05-27,0.807,0.813,0.804,0.812,397442600
2024-05-28,0.811,0.815,0.804,0.805,534830144
2024-05-29,0.804,0.814,0.803,0.806,446773063
2024-05-30,0.804,0.809,0.801,0.805,423009700
2024-05-31,0.807,0.812,0.803,0.804,409712815
2024-06-03,0.801,0.801,0.79,0.794,671400500
2024-06-04,0.793,0.801,0.793,0.801,547053300
2024-06-05,0.8,0.803,0.796,0.797,402605500
2024-06-06,0.798,0.799,0.785,0.787,666896200
2024-06-07,0.789,0.791,0.771,0.781,749917500
2024-06-11,0.778,0.787,0.776,0.782,449597909
2024-06-12,0.781,0.785,0.779,0.782,358809700
2024-06-13,0.782,0.785,0.779,0.781,430955400
2024-06-14,0.781,0.805,0.778,0.799,1053312300
2024-06-17,0.79,0.8,0.787,0.797,567071888
2024-06-18,0.797,0.809,0.797,0.804,644033188
2024-06-19,0.805,0.806,0.793,0.795,479260488
2024-06-20,0.793,0.795,0.785,0.787,496541700
2024-06-21,0.787,0.793,0.784,0.789,453681700
2024-06-24,0.785,0.788,0.779,0.78,597563900
2024-06-25,0.78,0.781,0.763,0.768,744476300
2024-06-26,0.766,0.778,0.764,0.777,562414100
2024-06-27,0.775,0.775,0.767,0.768,407662000
2024-06-28,0.767,0.775,0.749,0.752,809641000
2024-07-01,0.75,0.755,0.742,0.753,578484381
2024-07-02,0.752,0.758,0.747,0.749,443778000
2024-07-03,0.747,0.754,0.745,0.75,396074200
2024-07-04,0.751,0.753,0.736,0.736,556466600
2024-07-05,0.737,0.744,0.731,0.738,507710000
2024-07-08,0.734,0.735,0.716,0.718,649877532
2024-07-09,0.719,0.735,0.713,0.732,688125749
2024-07-10,0.728,0.744,0.727,0.733,487459500
2024-07-11,0.742,0.749,0.737,0.744,520800801
2024-07-12,0.743,0.746,0.739,0.743,375688669
2024-07-15,0.741,0.745,0.739,0.742,275785100
2024-07-16,0.742,0.751,0.74,0.748,455060700
2024-07-17,0.748,0.756,0.748,0.753,469007400
2024-07-18,0.752,0.758,0.744,0.758,553891259
2024-07-19,0.755,0.768,0.754,0.767,611490259
2024-07-22,0.776,0.78,0.763,0.773,669785300
2024-07-23,0.768,0.774,0.753,0.755,546466000
2024-07-24,0.752,0.755,0.744,0.745,452588800
2024-07-25,0.746,0.759,0.744,0.754,534636394
2024-07-26,0.755,0.774,0.754,0.767,555993428
2024-07-29,0.763,0.77,0.761,0.761,322252100
2024-07-30,0.759,0.766,0.757,0.764,373024100
2024-07-31,0.765,0.817,0.764,0.806,1434331353
2024-08-01,0.799,0.807,0.798,0.8,534229200
2024-08-02,0.796,0.804,0.782,0.785,512721000
2024-08-05,0.78,0.796,0.779,0.78,498928900
2024-08-06,0.787,0.79,0.773,0.781,487860900
2024-08-07,0.78,0.786,0.775,0.777,370551000
2024-08-08,0.777,0.791,0.774,0.781,436002900
2024-08-09,0.787,0.788,0.773,0.774,362497800
2024-08-12,0.771,0.775,0.768,0.772,287183400
2024-08-13,0.771,0.782,0.767,0.781,376468600
2024-08-14,0.779,0.783,0.774,0.775,281545288
2024-08-15,0.773,0.791,0.773,0.784,495284529
2024-08-16,0.783,0.785,0.777,0.779,331784700
2024-08-19,0.778,0.785,0.776,0.778,285480800
2024-08-20,0.779,0.78,0.769,0.772,377936700
2024-08-21,0.771,0.774,0.767,0.768,247322800
2024-08-22,0.772,0.774,0.755,0.757,409965500
2024-08-23,0.755,0.768,0.755,0.763,320618700
2024-08-26,0.763,0.768,0.759,0.763,235108900
2024-08-27,0.762,0.763,0.753,0.755,238548500
2024-08-28,0.755,0.76,0.753,0.757,219794600
2024-08-29,0.755,0.768,0.755,0.761,353969100
2024-08-30,0.76,0.787,0.759,0.78,748621445
2024-09-02,0.777,0.778,0.76,0.76,480221400
2024-09-03,0.76,0.77,0.759,0.766,311082700
2024-09-04,0.763,0.772,0.763,0.766,276201800
2024-09-05,0.765,0.773,0.764,0.772,337583723
2024-09-06,0.795,0.798,0.777,0.778,2507954723
2024-09-09,0.77,0.784,0.768,0.777,374086623
2024-09-10,0.776,0.778,0.763,0.772,412036200
2024-09-11,0.77,0.776,0.768,0.772,273952574
2024-09-12,0.772,0.775,0.768,0.77,282957654
2024-09-13,0.771,0.78,0.77,0.772,341475000
2024-09-18,0.77,0.775,0.764,0.772,275955000
2024-09-19,0.775,0.792,0.771,0.783,485041400
2024-09-20,0.78,0.783,0.776,0.782,317547100
2024-09-23,0.783,0.787,0.778,0.782,244938300
2024-09-24,0.792,0.83,0.785,0.83,1620669214
2024-09-25,0.848,0.869,0.843,0.845,1860908148
2024-09-26,0.839,0.905,0.838,0.904,1755953826
2024-09-27,0.93,0.994,0.912,0.994,1864578761
2024-09-30,1.092,1.093,1.04,1.093,2802184970
2024-10-08,1.202,1.202,1.202,1.202,1009874434
2024-10-09,1.19,1.26,1.083,1.134,5271974951
2024-10-10,1.173,1.173,1.051,1.068,2898423358
2024-10-11,1.045,1.098,1.045,1.069,1997753360
2024-10-14,1.077,1.083,1.015,1.076,1962665673
2024-10-15,1.054,1.076,1.035,1.037,1051559736
2024-10-16,1.02,1.071,1.017,1.044,1343812484
2024-10-17,1.049,1.073,1.037,1.038,1046474456
2024-10-18,1.037,1.142,1.028,1.114,2305550266
2024-10-21,1.095,1.102,1.076,1.088,1473573661
2024-10-22,1.083,1.105,1.081,1.095,1031713204
2024-10-23,1.099,1.12,1.083,1.089,1208701046
2024-10-24,1.081,1.094,1.074,1.087,795781704
2024-10-25,1.088,1.113,1.083,1.097,866919000
2024-10-28,1.095,1.103,1.09,1.098,674007600
2024-10-29,1.105,1.116,1.083,1.085,839894650
2024-10-30,1.081,1.095,1.071,1.083,763465319
2024-10-31,1.079,1.142,1.075,1.114,1696380568
2024-11-01,1.11,1.135,1.099,1.102,1094477666
2024-11-04,1.108,1.144,1.105,1.142,1111952264
2024-11-05,1.145,1.219,1.129,1.207,1931622039
2024-11-06,1.22,1.265,1.191,1.202,1881532907
2024-11-07,1.18,1.32,1.176,1.318,2417124391
2024-11-08,1.333,1.342,1.257,1.264,2260031940
2024-11-11,1.238,1.271,1.231,1.263,1628850498
2024-11-12,1.264,1.272,1.217,1.233,1516668501
2024-11-13,1.222,1.242,1.206,1.23,1225133100
2024-11-14,1.225,1.243,1.207,1.208,1106635600
2024-11-15,1.207,1.219,1.159,1.16,1244433274
2024-11-18,1.16,1.176,1.135,1.146,1135741600
2024-11-19,1.149,1.172,1.137,1.167,1190778964
2024-11-20,1.161,1.18,1.153,1.169,938100100
2024-11-21,1.167,1.192,1.163,1.182,965477269
2024-11-22,1.179,1.182,1.124,1.125,1063914008
2024-11-25,1.125,1.13,1.097,1.115,850527589
2024-11-26,1.112,1.137,1.112,1.114,658441700
2024-11-27,1.112,1.145,1.109,1.143,926167500
2024-11-28,1.143,1.147,1.129,1.131,660534000
2024-11-29,1.13,1.198,1.126,1.162,1431349734
2024-12-02,1.153,1.182,1.151,1.174,927967300
2024-12-03,1.171,1.185,1.159,1.175,810430200
2024-12-04,1.171,1.181,1.155,1.16,707143990
2024-12-05,1.158,1.182,1.156,1.174,766114200
2024-12-06,1.172,1.204,1.165,1.191,1145620628
2024-12-09,1.185,1.193,1.164,1.176,744457407
2024-12-10,1.25,1.25,1.185,1.188,1640426652
2024-12-11,1.184,1.197,1.177,1.184,673764900
2024-12-12,1.186,1.214,1.18,1.202,1056514057
2024-12-13,1.19,1.19,1.163,1.165,1077544663
2024-12-16,1.163,1.164,1.143,1.148,646538300
2024-12-17,1.146,1.16,1.143,1.15,635152300
2024-12-18,1.152,1.155,1.144,1.147,505707891
2024-12-19,1.135,1.148,1.132,1.146,641520200
2024-12-20,1.143,1.158,1.142,1.15,636752250
2024-12-23,1.146,1.159,1.134,1.136,719558050
2024-12-24,1.137,1.157,1.136,1.155,769409963
2024-12-25,1.156,1.157,1.138,1.149,698542863
2024-12-26,1.147,1.154,1.146,1.151,689407313
2024-12-27,1.151,1.179,1.15,1.159,1196603894
2024-12-30,1.157,1.17,1.154,1.169,710280814
2024-12-31,1.17,1.171,1.118,1.12,1234500581
2025-01-02,1.112,1.115,1.046,1.058,1448473686
2025-01-03,1.058,1.061,1.027,1.029,993022298
2025-01-06,1.021,1.034,1.019,1.028,719475500
2025-01-07,1.03,1.042,1.024,1.04,655913928
2025-01-08,1.036,1.04,1.008,1.029,834828400
2025-01-09,1.025,1.036,1.022,1.026,477984695
2025-01-10,1.024,1.032,1.006,1.007,710860500
2025-01-13,0.995,1.015,0.994,1.01,567274109
2025-01-14,1.015,1.055,1.014,1.054,1243009281
2025-01-15,1.048,1.05,1.041,1.043,607922800
2025-01-16,1.049,1.061,1.033,1.043,736895981
2025-01-17,1.038,1.052,1.035,1.045,563763954
2025-01-20,1.057,1.064,1.047,1.051,644018052
2025-01-21,1.06,1.06,1.042,1.053,577761300
2025-01-22,1.05,1.054,1.042,1.049,889646500
2025-01-23,1.069,1.09,1.052,1.054,1022482129
2025-01-24,1.05,1.072,1.049,1.065,684917800
2025-01-27,1.068,1.069,1.037,1.038,737659800
2025-02-05,1.045,1.046,1.034,1.037,470093500
2025-02-06,1.036,1.057,1.034,1.055,701403899
2025-02-07,1.055,1.094,1.051,1.077,1561900185
2025-02-10,1.077,1.085,1.072,1.08,823329563
2025-02-11,1.079,1.079,1.062,1.07,680900300
2025-02-12,1.068,1.09,1.067,1.088,996422211
2025-02-13,1.085,1.1,1.077,1.081,1442690184
2025-02-14,1.078,1.089,1.075,1.083,799165200
2025-02-17,1.094,1.098,1.08,1.087,1061398500
2025-02-18,1.083,1.086,1.056,1.059,987116900
2025-02-19,1.056,1.076,1.056,1.072,838147893
2025-02-20,1.069,1.075,1.063,1.07,578364842
2025-02-21,1.072,1.095,1.062,1.092,1489532623
2025-02-24,1.09,1.096,1.078,1.085,1365482200
2025-02-25,1.072,1.08,1.066,1.069,769412200
2025-02-26,1.07,1.099,1.067,1.098,1449016056
2025-02-27,1.09,1.101,1.073,1.093,1563462295
2025-02-28,1.086,1.102,1.057,1.06,1253804314
2025-03-03,1.061,1.069,1.051,1.057,1021461200
2025-03-04,1.051,1.065,1.05,1.062,1101754955
2025-03-05,1.061,1.068,1.053,1.063,712254661
2025-03-06,1.069,1.092,1.068,1.087,1356339629
2025-03-07,1.082,1.083,1.068,1.071,885079064
2025-03-10,1.069,1.07,1.058,1.062,622102429
2025-03-11,1.053,1.065,1.05,1.065,531973601
2025-03-12,1.068,1.088,1.064,1.072,1009009800
2025-03-13,1.07,1.08,1.059,1.065,750066155
2025-03-14,1.068,1.114,1.066,1.101,1928101900
2025-03-17,1.103,1.105,1.087,1.089,868405900
2025-03-18,1.094,1.096,1.086,1.09,732906530
2025-03-19,1.09,1.096,1.086,1.089,628521900
2025-03-20,1.088,1.089,1.078,1.08,655536400
2025-03-21,1.077,1.083,1.059,1.062,953030718
2025-03-24,1.061,1.064,1.052,1.061,563882400
2025-03-25,1.062,1.064,1.055,1.057,460948631
2025-03-26,1.057,1.062,1.056,1.056,391657651
2025-03-27,1.056,1.067,1.049,1.059,552731924
2025-03-28,1.059,1.063,1.055,1.059,502749819
2025-03-31,1.056,1.059,1.033,1.038,846941900
2025-04-01,1.04,1.046,1.033,1.036,686748900
2025-04-02,1.035,1.045,1.034,1.04,397676875
2025-04-03,1.033,1.046,1.032,1.039,498634975
2025-04-07,1.0,1.007,0.935,0.935,1526568368
2025-04-08,0.941,0.954,0.937,0.949,1165876086
2025-04-09,0.939,0.977,0.929,0.968,1244381656
2025-04-10,0.983,0.994,0.971,0.982,876030170
2025-04-11,0.977,0.994,0.977,0.985,591183873
2025-04-14,0.989,0.991,0.983,0.987,516085471
2025-04-15,0.985,0.985,0.977,0.981,371813066
2025-04-16,0.979,0.981,0.966,0.979,538137300
2025-04-17,0.974,0.984,0.974,0.979,433741700
2025-04-18,0.979,0.989,0.976,0.986,528097896
2025-04-21,0.982,0.993,0.98,0.992,457402443
2025-04-22,0.99,0.996,0.989,0.991,366274300
2025-04-23,0.995,0.997,0.988,0.992,417629700
2025-04-24,0.991,0.995,0.983,0.987,393180601
2025-04-25,0.989,0.999,0.988,0.994,656032100
2025-04-28,0.993,0.993,0.982,0.986,421443600
2025-04-29,0.986,0.992,0.984,0.985,305112679
2025-04-30,0.987,0.995,0.986,0.988,357380200
2025-05-06,0.993,1.003,0.99,1.002,579686948
2025-05-07,1.03,1.036,1.004,1.008,1097755682
2025-05-08,1.002,1.015,1.002,1.011,479444235
2025-05-09,1.01,1.01,0.997,1.0,363730822
2025-05-12,1.005,1.026,1.002,1.023,774586596
2025-05-13,1.03,1.03,1.014,1.015,541820146
2025-05-14,1.015,1.07,1.012,1.051,1595796014
2025-05-15,1.041,1.048,1.031,1.032,572554896
2025-05-16,1.029,1.032,1.017,1.02,643160310
2025-05-19,1.019,1.024,1.014,1.021,311096500
2025-05-20,1.022,1.025,1.017,1.021,363380600
2025-05-21,1.02,1.023,1.017,1.018,300436000
2025-05-22,1.016,1.017,1.009,1.01,436547985
2025-05-23,1.01,1.016,0.997,0.998,539860400
2025-05-26,0.995,1.001,0.992,0.996,347345900
2025-05-27,0.997,0.998,0.991,0.995,270963653
2025-05-28,0.995,0.997,0.989,0.991,264898900
2025-05-29,0.992,1.004,0.991,1.003,425791600
2025-05-30,0.999,0.999,0.991,0.997,392325482
2025-06-03,0.993,1.011,0.991,1.005,433181088
2025-06-04,1.006,1.023,1.004,1.018,640219647
2025-06-05,1.02,1.033,1.017,1.028,685563700
2025-06-06,1.028,1.032,1.019,1.021,312859640
2025-06-09,1.027,1.041,1.026,1.035,559022821
2025-06-10,1.035,1.037,1.015,1.022,572795719
2025-06-11,1.023,1.053,1.023,1.041,842619366
2025-06-12,1.036,1.051,1.034,1.04,536525897
2025-06-13,1.035,1.039,1.026,1.029,599588900
2025-06-16,1.027,1.045,1.026,1.044,865226300
2025-06-17,1.044,1.048,1.04,1.047,404971468
2025-06-18,1.045,1.046,1.029,1.035,564244022
2025-06-19,1.032,1.033,1.013,1.015,876156800
2025-06-20,1.016,1.02,1.012,1.013,311922939
2025-06-23,1.006,1.028,1.006,1.025,517028539
2025-06-24,1.026,1.059,1.026,1.05,1083536211
2025-06-25,1.056,1.115,1.054,1.108,2283515616
2025-06-26,1.109,1.11,1.086,1.088,1654598152
2025-06-27,1.089,1.124,1.086,1.088,1454248156
2025-06-30,1.088,1.091,1.075,1.086,775349200
2025-07-01,1.086,1.087,1.072,1.08,518195100
2025-07-02,1.08,1.083,1.071,1.074,447555800
2025-07-03,1.076,1.085,1.075,1.082,566513744
2025-07-04,1.081,1.1,1.072,1.082,888226263
2025-07-07,1.078,1.087,1.076,1.083,393295945
2025-07-08,1.082,1.098,1.081,1.095,730019509
2025-07-09,1.096,1.105,1.088,1.09,723467301
2025-07-10,1.089,1.11,1.087,1.104,739067118
2025-07-11,1.108,1.152,1.105,1.13,1723187956
2025-07-14,1.134,1.135,1.117,1.119,741037222
2025-07-15,1.119,1.127,1.106,1.113,791880769
2025-07-16,1.111,1.118,1.102,1.108,661866203
2025-07-17,1.108,1.117,1.105,1.115,694409789
2025-07-18,1.115,1.122,1.112,1.119,674531312
2025-07-21,1.118,1.137,1.114,1.134,875980890
2025-07-22,1.134,1.14,1.12,1.136,958871428
2025-07-23,1.139,1.168,1.139,1.146,1533050028
2025-07-24,1.144,1.18,1.141,1.179,1376787350
2025-07-25,1.181,1.185,1.17,1.175,981612068
2025-07-28,1.175,1.199,1.167,1.185,987991995
2025-07-29,1.179,1.188,1.159,1.188,1053795233
2025-07-30,1.183,1.188,1.161,1.171,943658103
2025-07-31,1.164,1.177,1.139,1.146,1268479072
2025-08-01,1.143,1.153,1.134,1.138,838537586
2025-08-04,0.565,0.572,0.565,0.572,850449984
2025-08-05,0.572,0.578,0.571,0.576,1157284767
2025-08-06,0.575,0.579,0.573,0.578,1238080235
2025-08-07,0.578,0.584,0.575,0.578,1236059716
2025-08-08,0.577,0.578,0.572,0.573,1026787684
2025-08-11,0.574,0.584,0.572,0.581,1704027121
2025-08-12,0.581,0.585,0.578,0.584,1497354699
2025-08-13,0.587,0.6,0.581,0.594,3120200856
2025-08-14,0.595,0.607,0.592,0.593,2729359778
2025-08-15,0.59,0.628,0.59,0.622,4480320162
2025-08-18,0.627,0.64,0.614,0.629,5133305903
2025-08-19,0.625,0.63,0.616,0.617,2385642039
2025-08-20,0.614,0.624,0.608,0.623,2391933600
2025-08-21,0.628,0.63,0.614,0.618,2763999600
2025-08-22,0.615,0.64,0.615,0.639,3658374016
2025-08-25,0.646,0.655,0.636,0.646,5012341268
2025-08-26,0.642,0.646,0.636,0.638,2382160945
2025-08-27,0.637,0.645,0.621,0.622,4549923479
2025-08-28,0.62,0.634,0.615,0.633,2837508432
2025-08-29,0.635,0.643,0.631,0.634,3236691333
2025-09-01,0.636,0.637,0.625,0.628,2548459700
2025-09-02,0.628,0.629,0.615,0.62,2905806645
2025-09-03,0.622,0.625,0.593,0.598,3458186185
2025-09-04,0.598,0.603,0.588,0.597,2916594758
2025-09-05,0.598,0.602,0.591,0.601,2490976086
2025-09-08,0.6,0.601,0.594,0.596,1872785274
2025-09-09,0.596,0.603,0.594,0.596,2456395112
2025-09-10,0.597,0.601,0.593,0.595,1744888011
2025-09-11,0.593,0.615,0.591,0.614,4060683469
2025-09-12,0.613,0.616,0.603,0.606,2483381604
2025-09-15,0.604,0.61,0.601,0.603,2082828399
2025-09-16,0.603,0.61,0.598,0.604,2884975465
2025-09-17,0.604,0.612,0.602,0.606,2813892478
2025-09-18,0.605,0.605,0.583,0.588,4765991230
2025-09-19,0.587,0.589,0.582,0.584,2361738477
2025-09-22,0.585,0.59,0.582,0.589,1746810494
2025-09-23,0.587,0.587,0.573,0.58,2676169917
2025-09-24,0.577,0.589,0.576,0.585,2366651451
2025-09-25,0.584,0.59,0.583,0.585,1922554622
2025-09-26,0.584,0.589,0.582,0.583,1692174418
2025-09-29,0.582,0.625,0.581,0.611,6215946336
2025-09-30,0.608,0.612,0.601,0.604,3004974469
2025-10-09,0.601,0.61,0.594,0.606,3211488916
2025-10-10,0.603,0.619,0.601,0.607,2924337992
2025-10-13,0.595,0.602,0.592,0.6,2924515500
2025-10-14,0.6,0.611,0.594,0.596,3303353185
2025-10-15,0.598,0.604,0.592,0.603,3171824530
2025-10-16,0.601,0.607,0.598,0.601,2341207895
2025-10-17,0.602,0.607,0.589,0.59,3015294662
2025-10-20,0.595,0.597,0.588,0.59,2272791727
2025-10-21,0.591,0.604,0.591,0.595,2684538905
2025-10-22,0.593,0.593,0.588,0.59,1745391623
2025-10-23,0.59,0.596,0.584,0.595,2307938458
2025-10-24,0.596,0.601,0.594,0.6,2413847518
2025-10-27,0.607,0.612,0.603,0.608,3977418017
2025-10-28,0.606,0.61,0.603,0.605,2224255432
2025-10-29,0.604,0.62,0.603,0.617,4711168144
2025-10-30,0.614,0.616,0.605,0.606,3124378246
2025-10-31,0.607,0.61,0.599,0.6,2367793773
2025-11-03,0.598,0.599,0.589,0.597,2289216421
2025-11-04,0.595,0.598,0.591,0.593,2039544146
2025-11-05,0.59,0.595,0.59,0.593,1219564551
2025-11-06,0.594,0.604,0.593,0.6,2479094955
2025-11-07,0.598,0.599,0.593,0.595,1688004645
2025-11-10,0.594,0.605,0.593,0.602,2068839344
2025-11-11,0.602,0.604,0.594,0.595,1499570231
2025-11-12,0.595,0.596,0.588,0.591,2091770761
2025-11-13,0.59,0.597,0.589,0.596,2044200376
2025-11-14,0.593,0.595,0.589,0.589,1433885084
2025-11-17,0.588,0.588,0.581,0.582,1964956288
2025-11-18,0.582,0.588,0.581,0.583,1389702158
2025-11-19,0.583,0.588,0.58,0.583,1247647555
2025-11-20,0.593,0.595,0.58,0.581,2364455326
2025-11-21,0.576,0.58,0.56,0.561,3018659719
2025-11-24,0.563,0.566,0.559,0.562,1839901197
2025-11-25,0.564,0.567,0.562,0.564,1377805954
2025-11-26,0.564,0.565,0.561,0.562,1550655835
2025-11-27,0.561,0.566,0.56,0.562,1632155392
2025-11-28,0.561,0.565,0.558,0.564,1661766892
2025-12-01,0.562,0.567,0.562,0.566,1692258077
2025-12-02,0.565,0.566,0.56,0.56,1287275429
2025-12-03,0.562,0.563,0.554,0.555,1561037761
2025-12-04,0.555,0.56,0.553,0.557,1268732183
2025-12-05,0.556,0.576,0.556,0.571,3175235308
2025-12-08,0.579,0.591,0.579,0.583,4409648310
2025-12-09,0.578,0.581,0.573,0.574,2281020574
2025-12-10,0.573,0.578,0.569,0.576,1735091086
2025-12-11,0.576,0.577,0.568,0.569,1237861774
2025-12-12,0.569,0.576,0.566,0.571,1693980708
2025-12-15,0.569,0.582,0.568,0.574,1958820057
2025-12-16,0.573,0.577,0.57,0.571,1411353886
2025-12-17,0.571,0.588,0.568,0.582,2789436504
2025-12-18,0.58,0.583,0.576,0.576,1466323651
2025-12-19,0.576,0.583,0.574,0.578,1533722100
2025-12-22,0.578,0.581,0.577,0.578,1143978715
2025-12-23,0.578,0.582,0.576,0.577,1307072896
2025-12-24,0.576,0.583,0.575,0.581,1425495025
2025-12-25,0.581,0.585,0.58,0.583,1725873406
2025-12-26,0.583,0.594,0.582,0.588,3108354359
2025-12-29,0.587,0.588,0.582,0.583,1808237005
2025-12-30,0.581,0.587,0.58,0.582,1241281255
2025-12-31,0.583,0.587,0.579,0.579,1358214307
2026-01-05,0.581,0.59,0.58,0.59,2351151991
2026-01-06,0.59,0.616,0.588,0.614,5593851799
2026-01-07,0.615,0.615,0.601,0.605,2496506282
2026-01-08,0.601,0.601,0.587,0.59,3754131874
2026-01-09,0.589,0.595,0.587,0.591,2614217790
2026-01-12,0.591,0.6,0.587,0.599,4168738316
2026-01-13,0.601,0.608,0.593,0.595,2759731951
2026-01-14,0.594,0.61,0.587,0.591,5625608749
2026-01-15,0.588,0.592,0.58,0.581,3201934998
2026-01-16,0.585,0.587,0.575,0.577,2634644433
2026-01-19,0.575,0.577,0.572,0.575,2153382953
2026-01-20,0.576,0.579,0.574,0.577,1632188398
2026-01-21,0.576,0.578,0.572,0.573,1943015188
2026-01-22,0.574,0.579,0.573,0.575,1223717094
2026-01-23,0.575,0.577,0.572,0.574,2011398162
2026-01-26,0.573,0.586,0.573,0.579,2578053061
2026-01-27,0.578,0.578,0.567,0.573,2457187585
2026-01-28,0.573,0.577,0.571,0.573,1704867399
2026-01-29,0.571,0.58,0.565,0.579,3196304665
2026-01-30,0.576,0.579,0.568,0.57,2021420406
2026-02-02,0.568,0.577,0.561,0.563,2369214076
2026-02-03,0.565,0.567,0.555,0.561,2462446583
2026-02-04,0.559,0.57,0.558,0.569,2158149719
2026-02-05,0.568,0.574,0.564,0.57,1696439518
2026-02-06,0.567,0.571,0.565,0.567,1139152507
2026-02-09,0.57,0.573,0.568,0.572,1075176823
2026-02-10,0.572,0.574,0.57,0.571,943452120
2026-02-11,0.571,0.572,0.569,0.571,851016804
2026-02-12,0.57,0.571,0.566,0.567,1054310701
2026-02-13,0.567,0.569,0.561,0.562,1333604202
2026-02-24,0.564,0.564,0.559,0.56,1123562800
2026-02-25,0.561,0.568,0.56,0.563,1870082700
2026-02-26,0.563,0.563,0.556,0.558,1694275280
2026-02-27,0.556,0.561,0.555,0.558,1444045459
2026-03-02,0.554,0.555,0.547,0.551,1929720157
2026-03-03,0.551,0.557,0.545,0.546,2268905420
2026-03-04,0.543,0.543,0.532,0.533,2306577016
2026-03-05,0.538,0.539,0.532,0.534,1135049842
2026-03-06,0.532,0.543,0.531,0.54,1552785208
2026-03-09,0.534,0.534,0.528,0.531,1709955573
2026-03-10,0.534,0.538,0.533,0.535,1307497400
2026-03-11,0.535,0.538,0.533,0.536,1121987600
2026-03-12,0.535,0.538,0.533,0.536,1110121252
2026-03-13,0.534,0.538,0.53,0.531,1644675547
2026-03-16,0.531,0.532,0.526,0.529,1504167013
2026-03-17,0.53,0.545,0.529,0.534,2718628068
2026-03-18,0.534,0.534,0.529,0.533,1596369941
2026-03-19,0.529,0.531,0.524,0.525,2230498940
2026-03-20,0.526,0.527,0.516,0.517,2437105482
2026-03-23,0.51,0.511,0.492,0.495,3321407556
2026-03-24,0.499,0.504,0.494,0.5,1902833877
2026-03-25,0.502,0.51,0.5,0.506,1901095283
2026-03-26,0.505,0.506,0.493,0.495,1800105399
2026-03-27,0.492,0.5,0.491,0.499,1248417227
2026-03-30,0.493,0.497,0.49,0.496,1578241700
2026-03-31,0.495,0.502,0.491,0.492,1385619458
2026-04-01,0.497,0.5,0.495,0.499,1261626067
2026-04-02,0.497,0.498,0.488,0.49,1703061473
2026-04-03,0.492,0.493,0.485,0.485,1325842500
2026-04-07,0.486,0.488,0.482,0.484,908488298
2026-04-08,0.493,0.505,0.493,0.504,2613153897
2026-04-09,0.5,0.5,0.492,0.493,1411366184
2026-04-10,0.499,0.522,0.499,0.51,4071555125
2026-04-13,0.506,0.518,0.505,0.514,1689819297
2026-04-14,0.518,0.519,0.51,0.517,1772925500
2026-04-15,0.519,0.519,0.512,0.514,1346112664
2026-04-16,0.515,0.52,0.514,0.516,1725437976
2026-04-17,0.515,0.517,0.511,0.514,1632770509
2026-04-20,0.516,0.517,0.512,0.514,1338031413
2026-04-21,0.513,0.513,0.508,0.509,1249779055
2026-04-22,0.508,0.519,0.507,0.514,1886016933
2026-04-23,0.513,0.515,0.508,0.509,2063765482
2026-04-24,0.508,0.508,0.502,0.504,1433417942
2026-04-27,0.505,0.512,0.504,0.506,1425659252
2026-04-28,0.506,0.517,0.505,0.512,2432873652
2026-04-29,0.51,0.515,0.509,0.514,1793306934
2026-04-30,0.513,0.524,0.513,0.516,2148192534
2026-05-06,0.517,0.526,0.516,0.523,2523128221
2026-05-07,0.525,0.526,0.517,0.521,2107128184
2026-05-08,0.518,0.521,0.515,0.517,1357463351
2026-05-11,0.515,0.528,0.513,0.525,3855547141
2026-05-12,0.524,0.531,0.521,0.527,3453782486
2026-05-13,0.524,0.527,0.518,0.523,1987754200
2026-05-14,0.524,0.526,0.512,0.512,2104031443
2026-05-15,0.512,0.513,0.499,0.501,2523999907
2026-05-18,0.5,0.505,0.497,0.5,1742903466
2026-05-19,0.501,0.506,0.496,0.505,2117795200
2026-05-20,0.502,0.506,0.5,0.501,1728282391
2026-05-21,0.505,0.522,0.502,0.503,4295520634
2026-05-22,0.504,0.506,0.494,0.496,2432604243
2026-05-25,0.498,0.503,0.494,0.499,1992528243
2026-05-26,0.498,0.51,0.496,0.504,2543749730
2026-05-27,0.502,0.51,0.495,0.499,2298060853
2026-05-28,0.498,0.499,0.485,0.488,2847124400
2026-05-29,0.488,0.501,0.488,0.493,2608350181
2026-06-01,0.493,0.498,0.49,0.494,1544187050
2026-06-02,0.493,0.498,0.49,0.495,2291526955
2026-06-03,0.494,0.5,0.49,0.495,2597470604
2026-06-04,0.492,0.497,0.485,0.488,2262551668
2026-06-05,0.488,0.494,0.485,0.485,1788298088
2026-06-08,0.481,0.486,0.476,0.477,2456959715
2026-06-09,0.478,0.481,0.474,0.48,1661446100
2026-06-10,0.478,0.488,0.477,0.487,2127896303
2026-06-11,0.485,0.491,0.477,0.482,1837021485
2026-06-12,0.483,0.501,0.48,0.499,3497320894
2026-06-15,0.501,0.526,0.5,0.512,5048604246
2026-06-16,0.508,0.52,0.507,0.517,2759854792
2026-06-17,0.517,0.522,0.513,0.517,2633930847
2026-06-18,0.515,0.516,0.501,0.502,2628024900
2026-06-22,0.5,0.54,0.499,0.539,5962516671
2026-06-23,0.539,0.555,0.537,0.54,4700898945
2026-06-24,0.536,0.55,0.528,0.531,3149300952
2026-06-25,0.529,0.554,0.526,0.55,4665520331
2026-06-26,0.545,0.553,0.528,0.529,4458969350
2026-06-29,0.533,0.543,0.529,0.536,2841131977
2026-06-30,0.533,0.542,0.53,0.537,2663257150
2026-07-01,0.537,0.569,0.535,0.564,6113739917
2026-07-02,0.561,0.563,0.547,0.549,4071634557
2026-07-03,0.552,0.554,0.544,0.552,3541611340
2026-07-06,0.56,0.563,0.548,0.553,2761192285
2026-07-07,0.551,0.552,0.535,0.537,2652204000
2026-07-08,0.536,0.542,0.53,0.53,2344589339
2026-07-09,0.532,0.544,0.529,0.542,2603334920
2026-07-10,0.54,0.54,0.53,0.532,2719867181
2026-07-13,0.529,0.533,0.524,0.525,2236561792
2026-07-14,0.525,0.528,0.518,0.528,2770624962
2026-07-15,0.527,0.545,0.526,0.54,2714121478
2026-07-16,0.537,0.539,0.53,0.532,2875715700
2026-07-17,0.53,0.537,0.523,0.524,2947367616
2026-07-20,0.528,0.539,0.526,0.533,2605730248
2026-07-21,0.538,0.541,0.529,0.536,2404724697
2026-07-22,0.533,0.535,0.527,0.532,1697505969
2026-07-23,0.533,0.541,0.531,0.539,1908272084
2026-07-24,0.535,0.537,0.525,0.526,2193849430
2026-07-27,0.528,0.529,0.52,0.528,1390443100
2026-07-28,0.525,0.525,0.517,0.519,2099455758
2026-07-29,0.52,0.532,0.519,0.529,2283781323
2026-07-30,0.527,0.534,0.524,0.529,1935635098
2026-07-31,0.531,0.534,0.528,0.529,1691866758
2026-08-03,0.525,0.529,0.523,0.527,1185364540
2026-08-04,0.529,0.531,0.526,0.527,1427679800
2026-08-05,0.527,0.532,0.525,0.53,1697996800
2026-08-06,0.529,0.53,0.522,0.524,1870174408
2026-08-07,0.523,0.524,0.52,0.524,2668255791
2026-08-10,0.525,0.528,0.524,0.525,1414971001
2026-08-11,0.525,0.528,0.522,0.522,1525103016
2026-08-12,0.522,0.526,0.52,0.524,1928308269
2026-08-13,0.524,0.532,0.524,0.526,2267359739
2026-08-14,0.525,0.528,0.519,0.52,2243098219
